# Blender 5.1.2
# www.blender.org
mtllib seekurJr_moh.mtl
o seekurjr_chassis
v 0.097070 -0.229977 0.259659
v 0.169113 -0.157410 0.259659
v -0.096901 -0.229977 0.259659
v 0.097070 -0.229977 0.259659
v 0.169113 -0.157410 0.259659
v -0.096901 -0.229977 0.259659
v 0.097070 -0.229977 0.259659
v 0.169113 -0.157410 0.259659
v -0.096901 -0.229977 0.259659
v 0.097070 -0.229977 0.259659
v 0.169113 -0.157410 0.259659
v -0.096901 -0.229977 0.259659
v 0.097070 -0.229977 0.259659
v 0.169113 -0.157410 0.259659
v -0.096901 -0.229977 0.259659
v 0.097070 -0.229977 0.259659
v 0.169113 -0.157410 0.259659
v -0.096901 -0.229977 0.259659
v 0.095649 -0.226563 0.276213
v 0.095407 -0.225982 0.277626
v 0.165699 -0.156004 0.276213
v -0.095486 -0.226563 0.276213
v -0.095245 -0.225982 0.277626
v -0.165699 -0.156270 0.276213
v -0.165118 -0.156030 0.277626
v -0.165699 0.156532 0.276213
v -0.169113 -0.157683 0.259659
v -0.169113 0.157940 0.259659
v -0.169113 -0.157683 0.259659
v -0.169113 0.157940 0.259659
v -0.169113 -0.157683 0.259659
v -0.169113 0.157940 0.259659
v -0.169113 -0.157683 0.259659
v -0.169113 0.157940 0.259659
v -0.169113 -0.157683 0.259659
v -0.169113 0.157940 0.259659
v -0.169113 -0.157683 0.259659
v -0.169113 0.157940 0.259659
v -0.097551 0.229977 0.259659
v 0.097071 0.229977 0.259659
v -0.097551 0.229977 0.259659
v 0.097071 0.229977 0.259659
v -0.097551 0.229977 0.259659
v 0.097071 0.229977 0.259659
v -0.097551 0.229977 0.259659
v 0.097071 0.229977 0.259659
v -0.097551 0.229977 0.259659
v 0.097071 0.229977 0.259659
v -0.097551 0.229977 0.259659
v 0.097071 0.229977 0.259659
v -0.096131 0.226563 0.276213
v -0.095889 0.225982 0.277626
v 0.095664 0.226563 0.276213
v 0.095425 0.225982 0.277626
v 0.165699 0.157077 0.276213
v 0.165118 0.156835 0.277626
v 0.169113 0.158499 0.259659
v 0.169113 0.158499 0.259659
v 0.169113 0.158499 0.259659
v 0.169113 0.158499 0.259659
v 0.169113 0.158499 0.259659
v 0.169113 0.158499 0.259659
v 0.164046 0.156388 0.278825
v 0.165118 -0.155764 0.277626
v 0.164046 -0.155322 0.278825
v 0.162645 -0.154745 0.279625
v 0.094960 -0.224910 0.278825
v 0.094377 -0.223509 0.279625
v -0.094801 -0.224910 0.278825
v -0.094220 -0.223509 0.279625
v -0.164046 -0.155586 0.278825
v -0.162645 -0.155007 0.279625
v -0.164046 0.155850 0.278825
v -0.165118 0.156292 0.277626
v -0.162645 0.155273 0.279625
v -0.095442 0.224910 0.278825
v -0.094860 0.223509 0.279625
v 0.094983 0.224910 0.278825
v 0.094407 0.223509 0.279625
v 0.093783 0.221995 0.279906
v 0.162645 0.155805 0.279625
v 0.161131 0.155174 0.279906
v 0.161131 -0.154121 0.279906
v 0.093747 -0.221995 0.279906
v -0.093592 -0.221995 0.279906
v -0.161131 -0.154380 0.279906
v -0.161131 0.154649 0.279906
v -0.094229 0.221995 0.279906
v 0.524732 0.127201 0.236152
v 0.524732 -0.127201 0.236152
v 0.452783 0.091015 0.302842
v 0.451962 0.090657 0.303466
v 0.316164 0.236769 0.302722
v 0.452802 -0.091015 0.302863
v 0.447538 0.131709 0.282173
v 0.524084 0.127883 0.236158
v 0.478164 0.024414 0.279315
v 0.475385 0.021305 0.281892
v 0.481336 0.026724 0.276376
v 0.484777 0.028147 0.273186
v 0.488356 0.028627 0.269869
v 0.491934 0.028147 0.266552
v 0.495375 0.026724 0.263363
v 0.498547 0.024414 0.260423
v 0.501326 0.021305 0.257847
v 0.503608 0.017516 0.255732
v 0.505303 0.013194 0.254161
v 0.506346 0.008504 0.253193
v 0.506699 0.003627 0.252867
v 0.506346 -0.001250 0.253193
v 0.505303 -0.005940 0.254161
v 0.503608 -0.010262 0.255732
v 0.501326 -0.014051 0.257847
v 0.498547 -0.017160 0.260423
v 0.495375 -0.019470 0.263363
v 0.491934 -0.020893 0.266552
v 0.488356 -0.021373 0.269869
v 0.484777 -0.020893 0.273186
v 0.481336 -0.019470 0.276376
v 0.479506 -0.018137 0.278072
v 0.478164 -0.017160 0.279315
v 0.475385 -0.014051 0.281892
v 0.473103 -0.010262 0.284006
v 0.471408 -0.005940 0.285578
v 0.470365 -0.001250 0.286545
v 0.470012 0.003627 0.286872
v 0.470365 0.008504 0.286545
v 0.471408 0.013194 0.285578
v 0.473103 0.017516 0.284006
v 0.365817 0.297137 0.235952
v 0.373073 0.249006 0.259819
v 0.377376 0.247988 0.257706
v 0.368886 0.249173 0.262361
v 0.364976 0.248481 0.265234
v 0.361495 0.246959 0.268329
v 0.358575 0.244664 0.271527
v 0.356329 0.241684 0.274704
v 0.354843 0.238134 0.277739
v 0.354174 0.234151 0.280515
v 0.354348 0.229887 0.282924
v 0.355359 0.225506 0.284876
v 0.357167 0.221177 0.286294
v 0.359702 0.217067 0.287124
v 0.362869 0.213332 0.287334
v 0.366544 0.210116 0.286917
v 0.370586 0.207544 0.285888
v 0.374841 0.205714 0.284286
v 0.379145 0.204696 0.282174
v 0.383331 0.204529 0.279632
v 0.387241 0.205220 0.276758
v 0.390722 0.206743 0.273663
v 0.438718 0.176128 0.261485
v 0.393642 0.209038 0.270465
v 0.395888 0.212018 0.267288
v 0.397374 0.215568 0.264254
v 0.398043 0.219551 0.261478
v 0.397869 0.223815 0.259068
v 0.396858 0.228195 0.257117
v 0.395050 0.232524 0.255699
v 0.392515 0.236635 0.254868
v 0.389349 0.240370 0.254658
v 0.385674 0.243585 0.255076
v 0.381631 0.246158 0.256105
v 0.437279 0.176185 0.262359
v 0.441465 0.176019 0.259817
v 0.445769 0.175001 0.257705
v 0.450024 0.173170 0.256103
v 0.454066 0.170598 0.255074
v 0.457741 0.167383 0.254656
v 0.460907 0.163648 0.254867
v 0.463443 0.159537 0.255697
v 0.465250 0.155208 0.257114
v 0.466261 0.150827 0.259066
v 0.466435 0.146563 0.261476
v 0.465767 0.142580 0.264252
v 0.464281 0.139030 0.267286
v 0.462035 0.136051 0.270464
v 0.459115 0.133755 0.273662
v 0.455634 0.132233 0.276757
v 0.451724 0.131542 0.279631
v 0.433369 0.175494 0.265233
v 0.429887 0.173971 0.268328
v 0.426968 0.171676 0.271525
v 0.424722 0.168697 0.274703
v 0.423236 0.165147 0.277738
v 0.422567 0.161164 0.280513
v 0.422741 0.156900 0.282923
v 0.423752 0.152519 0.284875
v 0.425560 0.148190 0.286293
v 0.428096 0.144080 0.287123
v 0.431262 0.140345 0.287334
v 0.434937 0.137129 0.286916
v 0.438979 0.134557 0.285887
v 0.443234 0.132727 0.284285
v 0.316164 -0.236769 0.302722
v 0.451976 -0.090657 0.303481
v 0.447538 -0.131709 0.282173
v 0.524084 -0.127883 0.236158
v 0.365817 -0.297137 0.235952
v 0.373073 -0.249006 0.259819
v 0.377376 -0.247988 0.257706
v 0.368886 -0.249173 0.262361
v 0.364976 -0.248481 0.265234
v 0.361495 -0.246959 0.268329
v 0.358575 -0.244664 0.271527
v 0.356329 -0.241684 0.274704
v 0.354843 -0.238134 0.277739
v 0.354174 -0.234151 0.280515
v 0.354348 -0.229887 0.282924
v 0.355359 -0.225506 0.284876
v 0.357167 -0.221177 0.286294
v 0.359702 -0.217067 0.287124
v 0.362869 -0.213332 0.287334
v 0.366544 -0.210116 0.286917
v 0.370586 -0.207544 0.285888
v 0.374841 -0.205714 0.284286
v 0.379145 -0.204696 0.282174
v 0.383331 -0.204529 0.279632
v 0.387241 -0.205220 0.276758
v 0.390722 -0.206743 0.273663
v 0.438718 -0.176128 0.261485
v 0.393642 -0.209038 0.270465
v 0.395888 -0.212018 0.267288
v 0.397374 -0.215568 0.264254
v 0.398043 -0.219551 0.261478
v 0.397869 -0.223815 0.259068
v 0.396858 -0.228195 0.257117
v 0.395050 -0.232524 0.255699
v 0.392515 -0.236635 0.254868
v 0.389349 -0.240370 0.254658
v 0.385674 -0.243585 0.255076
v 0.381631 -0.246158 0.256105
v 0.437279 -0.176185 0.262359
v 0.441465 -0.176019 0.259817
v 0.445769 -0.175001 0.257705
v 0.450024 -0.173170 0.256103
v 0.454066 -0.170598 0.255074
v 0.457741 -0.167383 0.254656
v 0.460907 -0.163648 0.254867
v 0.463443 -0.159537 0.255697
v 0.465250 -0.155208 0.257114
v 0.466261 -0.150827 0.259066
v 0.466435 -0.146563 0.261476
v 0.465767 -0.142580 0.264252
v 0.464281 -0.139030 0.267286
v 0.462035 -0.136051 0.270464
v 0.459115 -0.133755 0.273662
v 0.455634 -0.132233 0.276757
v 0.451724 -0.131542 0.279631
v 0.433369 -0.175494 0.265233
v 0.429887 -0.173971 0.268328
v 0.426968 -0.171676 0.271525
v 0.424722 -0.168697 0.274703
v 0.423236 -0.165147 0.277738
v 0.422567 -0.161164 0.280513
v 0.422741 -0.156900 0.282923
v 0.423752 -0.152519 0.284875
v 0.425560 -0.148190 0.286293
v 0.428096 -0.144080 0.287123
v 0.431262 -0.140345 0.287334
v 0.434937 -0.137129 0.286916
v 0.438979 -0.134557 0.285887
v 0.443234 -0.132727 0.284285
v 0.315727 -0.236014 0.303383
v 0.450936 -0.090218 0.304038
v 0.315205 -0.235039 0.303979
v 0.449786 -0.089740 0.304481
v 0.450928 0.090218 0.304030
v 0.449782 0.089740 0.304477
v 0.315205 0.235039 0.303979
v 0.315727 0.236014 0.303383
v 0.201176 0.235101 0.303713
v 0.314649 0.233940 0.304452
v 0.201880 0.233946 0.304250
v 0.314115 0.232824 0.304755
v 0.202743 0.232794 0.304595
v 0.313654 0.231801 0.304858
v 0.448636 0.089272 0.304764
v 0.447602 0.088858 0.304863
v 0.448637 -0.089272 0.304765
v 0.314115 -0.232824 0.304755
v 0.447602 -0.088858 0.304863
v 0.313654 -0.231801 0.304858
v 0.203679 -0.231758 0.304715
v 0.202744 -0.232784 0.304587
v 0.203679 0.231758 0.304715
v 0.201885 -0.233908 0.304216
v 0.314649 -0.233940 0.304452
v 0.201186 -0.235021 0.303639
v 0.200715 -0.236013 0.302913
v 0.200519 -0.236787 0.302108
v 0.200698 0.236147 0.303037
v 0.200494 0.236982 0.302288
v 0.197188 0.297793 0.236116
v 0.199284 0.255449 0.282020
v 0.199284 -0.255204 0.282020
v 0.363902 0.297785 0.236272
v 0.197188 -0.297793 0.236116
v 0.363902 -0.297785 0.236272
v -0.524732 0.127201 0.236152
v -0.365817 0.297137 0.235952
v -0.524085 0.127883 0.236158
v -0.363902 0.297785 0.236272
v -0.197188 0.297793 0.236116
v -0.395888 0.212018 0.267288
v -0.397374 0.215568 0.264254
v -0.390722 0.206743 0.273663
v -0.387241 0.205220 0.276758
v -0.393642 0.209038 0.270465
v -0.383331 0.204529 0.279632
v -0.374841 0.205714 0.284286
v -0.377376 0.247988 0.257706
v -0.379145 0.204696 0.282174
v -0.381631 0.246158 0.256105
v -0.370586 0.207544 0.285888
v -0.385674 0.243585 0.255076
v -0.366544 0.210116 0.286917
v -0.368886 0.249173 0.262361
v -0.361495 0.246959 0.268329
v -0.362869 0.213332 0.287334
v -0.364976 0.248481 0.265234
v -0.357167 0.221177 0.286294
v -0.354843 0.238134 0.277739
v -0.354349 0.229887 0.282924
v -0.354174 0.234151 0.280515
v -0.355359 0.225506 0.284876
v -0.356329 0.241684 0.274704
v -0.358575 0.244664 0.271527
v -0.359702 0.217067 0.287124
v -0.373073 0.249006 0.259819
v -0.398043 0.219551 0.261478
v -0.397869 0.223815 0.259068
v -0.396858 0.228195 0.257117
v -0.395050 0.232524 0.255699
v -0.389349 0.240370 0.254658
v -0.392515 0.236635 0.254868
v -0.466435 0.146563 0.261476
v -0.465767 0.142580 0.264252
v -0.466261 0.150827 0.259066
v -0.464281 0.139030 0.267286
v -0.465250 0.155208 0.257114
v -0.455634 0.132233 0.276757
v -0.459115 0.133755 0.273662
v -0.451724 0.131542 0.279631
v -0.443234 0.132727 0.284285
v -0.447538 0.131709 0.282173
v -0.462035 0.136051 0.270464
v -0.434937 0.137129 0.286916
v -0.428096 0.144080 0.287123
v -0.429887 0.173971 0.268328
v -0.431262 0.140345 0.287334
v -0.424722 0.168697 0.274703
v -0.422741 0.156900 0.282923
v -0.422567 0.161164 0.280513
v -0.423236 0.165147 0.277738
v -0.425560 0.148190 0.286293
v -0.423752 0.152519 0.284875
v -0.426968 0.171676 0.271525
v -0.438979 0.134557 0.285887
v -0.463443 0.159537 0.255697
v -0.433369 0.175494 0.265233
v -0.437279 0.176185 0.262359
v -0.438718 0.176128 0.261485
v -0.460907 0.163648 0.254867
v -0.441465 0.176019 0.259817
v -0.457741 0.167383 0.254656
v -0.454066 0.170598 0.255074
v -0.445769 0.175001 0.257705
v -0.450024 0.173170 0.256103
v -0.524732 -0.127201 0.236152
v -0.365817 -0.297137 0.235952
v -0.524085 -0.127883 0.236158
v -0.363902 -0.297785 0.236272
v -0.197188 -0.297793 0.236116
v -0.395888 -0.212018 0.267288
v -0.397374 -0.215568 0.264254
v -0.390722 -0.206743 0.273663
v -0.387241 -0.205220 0.276758
v -0.393642 -0.209038 0.270465
v -0.383331 -0.204529 0.279632
v -0.374841 -0.205714 0.284286
v -0.377376 -0.247988 0.257706
v -0.379145 -0.204696 0.282174
v -0.381631 -0.246158 0.256105
v -0.370586 -0.207544 0.285888
v -0.385674 -0.243585 0.255076
v -0.366544 -0.210116 0.286917
v -0.368886 -0.249173 0.262361
v -0.361495 -0.246959 0.268329
v -0.362869 -0.213332 0.287334
v -0.364976 -0.248481 0.265234
v -0.357167 -0.221177 0.286294
v -0.354843 -0.238134 0.277739
v -0.354349 -0.229887 0.282924
v -0.354174 -0.234151 0.280515
v -0.355359 -0.225506 0.284876
v -0.356329 -0.241684 0.274704
v -0.358575 -0.244664 0.271527
v -0.359702 -0.217067 0.287124
v -0.373073 -0.249006 0.259819
v -0.398043 -0.219551 0.261478
v -0.397869 -0.223815 0.259068
v -0.396858 -0.228195 0.257117
v -0.395050 -0.232524 0.255699
v -0.389349 -0.240370 0.254658
v -0.392515 -0.236635 0.254868
v -0.466435 -0.146563 0.261476
v -0.465767 -0.142580 0.264252
v -0.466261 -0.150827 0.259066
v -0.464281 -0.139030 0.267286
v -0.465250 -0.155208 0.257114
v -0.455634 -0.132233 0.276757
v -0.459115 -0.133755 0.273662
v -0.451724 -0.131542 0.279631
v -0.443234 -0.132727 0.284285
v -0.447538 -0.131709 0.282173
v -0.462035 -0.136051 0.270464
v -0.434937 -0.137129 0.286916
v -0.428096 -0.144080 0.287123
v -0.429887 -0.173971 0.268328
v -0.431262 -0.140345 0.287334
v -0.424722 -0.168697 0.274703
v -0.422741 -0.156900 0.282923
v -0.422567 -0.161164 0.280513
v -0.423236 -0.165147 0.277738
v -0.425560 -0.148190 0.286293
v -0.423752 -0.152519 0.284875
v -0.426968 -0.171676 0.271525
v -0.438979 -0.134557 0.285887
v -0.463443 -0.159537 0.255697
v -0.433369 -0.175494 0.265233
v -0.437279 -0.176185 0.262359
v -0.438718 -0.176128 0.261485
v -0.460907 -0.163648 0.254867
v -0.441465 -0.176019 0.259817
v -0.457741 -0.167383 0.254656
v -0.454066 -0.170598 0.255074
v -0.445769 -0.175001 0.257705
v -0.450024 -0.173170 0.256103
v -0.484777 0.028147 0.273186
v -0.488356 0.028627 0.269869
v -0.478164 0.024414 0.279315
v -0.475385 0.021305 0.281892
v -0.481336 0.026724 0.276376
v -0.473104 -0.010262 0.284006
v -0.471408 0.013194 0.285578
v -0.470012 0.003627 0.286872
v -0.470365 -0.001250 0.286545
v -0.470365 0.008504 0.286545
v -0.471408 -0.005940 0.285578
v -0.473104 0.017516 0.284006
v -0.475385 -0.014051 0.281892
v -0.506699 0.003627 0.252867
v -0.505303 -0.005940 0.254161
v -0.506347 -0.001250 0.253193
v -0.506347 0.008504 0.253193
v -0.501326 -0.014051 0.257847
v -0.501326 0.021305 0.257847
v -0.503608 -0.010262 0.255732
v -0.503608 0.017516 0.255732
v -0.505303 0.013194 0.254161
v -0.491934 0.028147 0.266552
v -0.495375 -0.019470 0.263363
v -0.495375 0.026724 0.263363
v -0.484777 -0.020893 0.273186
v -0.488356 -0.021373 0.269869
v -0.479506 -0.018137 0.278072
v -0.481336 -0.019470 0.276376
v -0.478164 -0.017160 0.279315
v -0.491934 -0.020893 0.266552
v -0.498547 -0.017160 0.260423
v -0.498547 0.024414 0.260423
v -0.199284 0.255449 0.282020
v -0.199284 -0.255204 0.282020
v -0.313654 0.231801 0.304858
v -0.316164 0.236769 0.302722
v -0.314115 0.232824 0.304755
v -0.314649 0.233940 0.304452
v -0.315205 0.235039 0.303979
v -0.315727 0.236014 0.303383
v -0.203679 0.231758 0.304715
v -0.200519 0.236787 0.302108
v -0.202744 0.232784 0.304587
v -0.201885 0.233908 0.304216
v -0.201186 0.235021 0.303639
v -0.200715 0.236013 0.302913
v -0.447602 0.088858 0.304863
v -0.452802 0.091015 0.302863
v -0.448637 0.089272 0.304765
v -0.449786 0.089740 0.304481
v -0.450936 0.090218 0.304038
v -0.451976 0.090657 0.303481
v -0.313654 -0.231801 0.304858
v -0.316164 -0.236769 0.302722
v -0.314115 -0.232824 0.304755
v -0.314649 -0.233940 0.304452
v -0.315205 -0.235039 0.303979
v -0.315727 -0.236014 0.303383
v -0.203679 -0.231758 0.304715
v -0.200494 -0.236982 0.302288
v -0.202743 -0.232794 0.304595
v -0.201880 -0.233946 0.304250
v -0.201176 -0.235101 0.303713
v -0.200698 -0.236147 0.303037
v -0.447602 -0.088858 0.304863
v -0.452783 -0.091015 0.302842
v -0.448636 -0.089272 0.304764
v -0.449782 -0.089740 0.304477
v -0.450928 -0.090218 0.304030
v -0.451962 -0.090657 0.303466
v 0.523674 -0.124628 0.235003
v 0.523566 -0.125733 0.234999
v 0.497001 -0.116357 0.254802
v 0.522705 0.124037 0.236167
v 0.522590 0.125140 0.236171
v 0.497020 0.115943 0.254829
v 0.496092 0.116156 0.255379
v 0.496727 0.116990 0.254952
v 0.495811 0.117123 0.255431
v 0.496324 0.118195 0.255007
v 0.495542 0.118100 0.255458
v 0.495846 0.119441 0.254979
v 0.522265 0.126372 0.236175
v 0.521761 0.127612 0.236179
v 0.521127 0.128738 0.236181
v 0.520426 0.129640 0.236181
v 0.495340 0.120603 0.254872
v 0.494859 0.121572 0.254703
v 0.494737 0.119941 0.255373
v 0.494300 0.120836 0.255283
v 0.494117 0.119278 0.255826
v 0.495180 0.119038 0.255436
v 0.494581 0.118659 0.255811
v 0.494823 0.118025 0.255823
v 0.494198 0.118161 0.256037
v 0.493546 0.118538 0.256143
v 0.493957 0.117451 0.256167
v 0.493719 0.116669 0.256256
v 0.493024 0.117728 0.256337
v 0.494886 0.117251 0.255863
v 0.494956 0.116406 0.255875
v 0.494948 -0.116839 0.255864
v 0.496079 -0.116579 0.255361
v 0.494888 -0.117682 0.255853
v 0.493715 -0.117113 0.256250
v 0.493961 -0.117891 0.256155
v 0.492500 -0.117373 0.256481
v 0.491424 -0.117595 0.256549
v 0.493031 -0.118172 0.256333
v 0.492501 0.116919 0.256484
v 0.491424 0.117132 0.256550
v 0.492096 0.117987 0.256468
v 0.347693 0.272052 0.252153
v 0.346988 0.272330 0.252136
v 0.348480 0.272797 0.252059
v 0.168486 0.153349 0.253033
v 0.167534 0.153088 0.253201
v 0.168344 0.154389 0.253026
v 0.168485 -0.155221 0.254971
v 0.166855 -0.155506 0.254951
v 0.167537 -0.154438 0.255118
v 0.134095 -0.189862 0.254694
v 0.133656 -0.189426 0.254693
v 0.096222 -0.228009 0.253549
v 0.095435 -0.227061 0.253739
v 0.096498 -0.226375 0.253595
v -0.096052 -0.228010 0.253485
v -0.095936 -0.226784 0.253646
v -0.095264 -0.227062 0.253647
v -0.165784 -0.158198 0.253245
v -0.166612 -0.157214 0.253241
v -0.165040 -0.157597 0.253415
v -0.343216 -0.276808 0.252101
v -0.344682 -0.277874 0.251982
v -0.345991 -0.276757 0.252101
v 0.349230 -0.276810 0.252160
v 0.350196 -0.277342 0.252048
v 0.349166 -0.277870 0.252017
v 0.350041 -0.278281 0.251847
v 0.349090 -0.279042 0.251684
v 0.349880 -0.279207 0.251598
v 0.349010 -0.280208 0.251179
v -0.346405 -0.279061 0.251681
v -0.348216 -0.280250 0.251212
v -0.348684 -0.278959 0.251670
v -0.350017 -0.280007 0.251270
v -0.350720 -0.278770 0.251684
v -0.347324 -0.277850 0.251927
v -0.349649 -0.277710 0.251924
v -0.348580 -0.276623 0.252099
v -0.351474 -0.277444 0.251924
v -0.352779 -0.277051 0.251937
v -0.350729 -0.276412 0.252096
v -0.352343 -0.278443 0.251689
v -0.353582 -0.277966 0.251690
v -0.353189 -0.279339 0.251326
v -0.354369 -0.278832 0.251300
v -0.354006 -0.280128 0.250843
v -0.351738 -0.279726 0.251315
v -0.352705 -0.280584 0.250822
v -0.353603 -0.281402 0.250286
v -0.351298 -0.280959 0.250738
v -0.349938 -0.281324 0.250622
v -0.352430 -0.281858 0.250168
v -0.351404 -0.282184 0.249982
v -0.361663 -0.297131 0.236179
v -0.360512 -0.297245 0.236177
v -0.362912 -0.296800 0.236180
v -0.364136 -0.296283 0.236181
v -0.354807 -0.280853 0.250315
v -0.365214 -0.295631 0.236181
v -0.355925 -0.280265 0.250253
v -0.366042 -0.294908 0.236181
v -0.356851 -0.279703 0.250115
v -0.517408 -0.129592 0.236181
v -0.518058 -0.128715 0.236181
v -0.504093 -0.119367 0.250093
v -0.504633 -0.118408 0.250197
v -0.503640 -0.118545 0.250698
v -0.504140 -0.117628 0.250734
v -0.503067 -0.117542 0.251252
v -0.356213 -0.279073 0.250714
v -0.355148 -0.279589 0.250795
v -0.355424 -0.278298 0.251264
v -0.354556 -0.277447 0.251701
v -0.353696 -0.276605 0.251981
v -0.502425 -0.116451 0.251690
v -0.503146 -0.116035 0.251569
v -0.501778 -0.115380 0.251968
v -0.501192 -0.114435 0.252072
v -0.502701 -0.115168 0.251784
v -0.502250 -0.114313 0.251954
v -0.503611 -0.114951 0.251548
v -0.503413 -0.114171 0.251639
v -0.504480 -0.114836 0.251158
v -0.503802 -0.115681 0.251413
v -0.504121 -0.116234 0.251164
v -0.504390 -0.115602 0.251143
v -0.505026 -0.115781 0.250705
v -0.505702 -0.116013 0.250167
v -0.505311 -0.114820 0.250622
v -0.504632 -0.116716 0.250740
v -0.505189 -0.117253 0.250225
v -0.518650 -0.127582 0.236181
v -0.519126 -0.126306 0.236181
v -0.519440 -0.125011 0.236181
v -0.506121 -0.114810 0.250028
v -0.519560 -0.123823 0.236181
v -0.506412 -0.113762 0.249829
v -0.523634 0.123758 0.236181
v -0.523537 0.124854 0.236181
v -0.504673 0.119291 0.250237
v -0.504383 0.120344 0.250355
v -0.503746 0.119529 0.250798
v -0.503470 0.120514 0.250847
v -0.502611 0.119808 0.251312
v -0.505598 -0.113882 0.250515
v -0.504568 -0.114022 0.251143
v -0.502546 0.120665 0.251297
v -0.501373 0.120102 0.251718
v -0.501616 0.120888 0.251614
v -0.500154 0.120380 0.251976
v -0.499075 0.120617 0.252072
v -0.500685 0.121177 0.251812
v -0.499758 0.121455 0.251968
v -0.501206 0.121980 0.251605
v -0.500519 0.122400 0.251691
v -0.501777 0.122701 0.251261
v -0.501855 0.121599 0.251479
v -0.502478 0.121448 0.251252
v -0.502239 0.122085 0.251241
v -0.502840 0.122444 0.250851
v -0.503508 0.122809 0.250373
v -0.502395 0.123344 0.250788
v -0.503195 0.121500 0.250869
v -0.503984 0.121556 0.250404
v -0.523223 0.126085 0.236181
v -0.522723 0.127330 0.236181
v -0.522087 0.128467 0.236181
v -0.503003 0.123977 0.250265
v -0.521375 0.129385 0.236181
v -0.502522 0.124951 0.250098
v -0.367441 0.293909 0.236181
v -0.366581 0.294660 0.236181
v -0.361070 0.276172 0.250096
v -0.360129 0.276698 0.250266
v -0.360326 0.275663 0.250700
v -0.359456 0.276143 0.250785
v -0.359412 0.275027 0.251254
v -0.501970 0.124236 0.250702
v -0.501281 0.123359 0.251254
v -0.358779 0.275568 0.251259
v -0.358412 0.274323 0.251691
v -0.358024 0.275039 0.251595
v -0.357426 0.273620 0.251968
v -0.356550 0.272988 0.252072
v -0.357198 0.274553 0.251806
v -0.356371 0.274062 0.251972
v -0.356954 0.275486 0.251607
v -0.356161 0.275270 0.251703
v -0.356786 0.276405 0.251273
v -0.357673 0.275702 0.251470
v -0.358181 0.276057 0.251232
v -0.357558 0.276321 0.251238
v -0.357655 0.277017 0.250852
v -0.357774 0.277769 0.250381
v -0.356689 0.277310 0.250813
v -0.358576 0.276624 0.250841
v -0.358994 0.277250 0.250366
v -0.365491 0.295338 0.236181
v -0.364277 0.295876 0.236181
v -0.363058 0.296222 0.236181
v -0.356587 0.278203 0.250308
v -0.361954 0.296342 0.236181
v -0.355552 0.278517 0.250162
v 0.359546 0.297244 0.236181
v 0.360750 0.297133 0.236181
v 0.346367 0.278557 0.250215
v 0.347385 0.278179 0.250410
v 0.344851 0.277638 0.250783
v 0.346200 0.277241 0.250909
v 0.343070 0.276510 0.251307
v -0.355731 0.277610 0.250746
v -0.355940 0.276493 0.251281
v 0.344863 0.276250 0.251374
v 0.341197 0.275278 0.251724
v 0.343478 0.275173 0.251724
v 0.339416 0.274063 0.251991
v 0.337900 0.272988 0.252097
v 0.342074 0.274044 0.251949
v 0.340701 0.272938 0.252100
v 0.344412 0.273904 0.251956
v 0.343313 0.272806 0.252108
v 0.346248 0.273637 0.251972
v 0.345518 0.274978 0.251749
v 0.346581 0.275955 0.251431
v 0.347148 0.274647 0.251770
v 0.348397 0.274167 0.251791
v 0.348039 0.275559 0.251461
v 0.348913 0.276367 0.251054
v 0.349232 0.275047 0.251462
v 0.350071 0.275824 0.251039
v 0.350303 0.274510 0.251455
v 0.351158 0.275310 0.250993
v 0.349380 0.273644 0.251822
v 0.493609 0.119936 0.255809
v 0.492849 0.118954 0.256217
v 0.351864 0.275968 0.250492
v 0.350913 0.276518 0.250588
v 0.365250 0.294958 0.236181
v 0.364412 0.295665 0.236181
v 0.363308 0.296303 0.236181
v 0.362046 0.296809 0.236181
v 0.349775 0.277110 0.250610
v 0.348559 0.277682 0.250549
v 0.347604 0.276839 0.251008
v 0.347561 0.273244 0.252002
v 0.345480 0.272598 0.252120
v 0.167964 0.155592 0.253017
v 0.166987 0.155224 0.253278
v 0.167367 0.156838 0.253006
v 0.166611 0.158003 0.252995
v 0.166466 0.156322 0.253268
v 0.165784 0.157375 0.253238
v 0.165677 0.155893 0.253648
v 0.165050 0.156885 0.253632
v 0.165101 0.155588 0.254269
v 0.166145 0.154871 0.253657
v 0.166455 0.153822 0.253668
v 0.165548 0.154580 0.254278
v 0.165186 0.154357 0.255142
v 0.165823 0.153530 0.254300
v 0.165990 0.152471 0.254323
v 0.165445 0.153264 0.255161
v 0.165556 0.152172 0.255187
v 0.165275 0.152977 0.256132
v 0.165391 0.151916 0.256140
v 0.164967 0.154149 0.256122
v 0.165284 0.152979 0.278039
v 0.165391 0.151916 0.278046
v 0.164972 0.154151 0.278029
v 0.164486 0.155318 0.278019
v 0.164481 0.155316 0.256112
v 0.163873 0.156365 0.278008
v 0.163866 0.156360 0.256102
v 0.163195 0.157190 0.277999
v 0.163195 0.157190 0.256093
v 0.097131 0.222736 0.277157
v 0.096301 0.223410 0.277149
v 0.097131 0.222736 0.255252
v 0.096296 0.223403 0.255246
v 0.096692 0.223403 0.254295
v 0.095978 0.223949 0.254302
v 0.096348 0.224355 0.253419
v 0.163387 0.157232 0.255141
v 0.164125 0.156387 0.255138
v 0.163779 0.157453 0.254279
v 0.164350 0.157848 0.253592
v 0.164490 0.156551 0.254276
v 0.165041 0.158376 0.253155
v 0.096144 0.225521 0.252720
v 0.095592 0.225365 0.252899
v 0.096101 0.226781 0.252270
v 0.096209 0.228010 0.252091
v 0.095475 0.226204 0.252542
v 0.095424 0.227062 0.252266
v 0.094792 0.225694 0.252886
v 0.094508 0.226198 0.252711
v 0.094133 0.225281 0.253471
v 0.095060 0.225218 0.253136
v 0.095189 0.224796 0.253575
v 0.094672 0.225009 0.253572
v 0.094377 0.224743 0.254310
v 0.094077 0.224495 0.255234
v 0.093517 0.224987 0.254294
v 0.095203 0.224398 0.254315
v 0.095247 0.224013 0.255240
v 0.095249 0.224017 0.277141
v 0.094078 0.224500 0.277134
v 0.092904 0.224809 0.277130
v 0.091840 0.224916 0.277128
v 0.092902 0.224801 0.255228
v 0.091840 0.224916 0.255223
v 0.092626 0.225080 0.254272
v -0.092310 0.224916 0.255168
v -0.093371 0.224800 0.255169
v -0.093098 0.225080 0.254218
v -0.092310 0.224916 0.277073
v -0.093373 0.224808 0.277074
v -0.094545 0.224497 0.277075
v -0.094544 0.224492 0.255171
v -0.095712 0.224011 0.277077
v -0.095710 0.224006 0.255173
v -0.096760 0.223399 0.277079
v -0.096755 0.223392 0.255175
v -0.097585 0.222721 0.277082
v -0.097585 0.222721 0.255176
v -0.163210 0.156659 0.277372
v -0.163884 0.155829 0.277375
v -0.163210 0.156659 0.255466
v -0.163877 0.155825 0.255470
v -0.163881 0.156216 0.254520
v -0.164426 0.155504 0.254536
v -0.164836 0.155872 0.253659
v -0.097147 0.223394 0.254225
v -0.096453 0.223959 0.254241
v -0.096808 0.224352 0.253357
v -0.096227 0.224605 0.253419
v -0.096611 0.225521 0.252667
v -0.096575 0.226782 0.252227
v -0.096056 0.225365 0.252837
v -0.166002 0.155668 0.252977
v -0.165844 0.155118 0.253155
v -0.167260 0.155627 0.252545
v -0.168486 0.155739 0.252383
v -0.166681 0.155002 0.252811
v -0.167537 0.154953 0.252548
v -0.166171 0.154320 0.253150
v -0.166673 0.154036 0.252983
v -0.165757 0.153661 0.253730
v -0.165695 0.154588 0.253392
v -0.165273 0.154716 0.253823
v -0.165485 0.154200 0.253825
v -0.165218 0.153905 0.254559
v -0.164970 0.153606 0.255477
v -0.165462 0.153045 0.254550
v -0.164873 0.154731 0.254556
v -0.164488 0.154776 0.255473
v -0.164492 0.154778 0.277379
v -0.164975 0.153607 0.277383
v -0.165284 0.152433 0.277387
v -0.165391 0.151369 0.277390
v -0.165276 0.152431 0.255481
v -0.165391 0.151369 0.255485
v -0.165555 0.152154 0.254534
v -0.165391 -0.151119 0.256340
v -0.165276 -0.152180 0.256343
v -0.165556 -0.151380 0.255388
v -0.165391 -0.151119 0.278246
v -0.165284 -0.152182 0.278249
v -0.164974 -0.153356 0.278252
v -0.164969 -0.153354 0.256346
v -0.164490 -0.154525 0.278256
v -0.164485 -0.154523 0.256350
v -0.163880 -0.155575 0.278259
v -0.163873 -0.155570 0.256353
v -0.163204 -0.156402 0.278262
v -0.163204 -0.156402 0.256356
v -0.096956 -0.222727 0.278472
v -0.096128 -0.223403 0.278474
v -0.096956 -0.222727 0.256566
v -0.096124 -0.223396 0.256568
v -0.096515 -0.223400 0.255620
v -0.095805 -0.223946 0.255634
v -0.096173 -0.224356 0.254758
v -0.163391 -0.156449 0.255403
v -0.164129 -0.155599 0.255388
v -0.163779 -0.156674 0.254540
v -0.164491 -0.155766 0.254524
v -0.164349 -0.157070 0.253853
v -0.165050 -0.156100 0.253879
v -0.095973 -0.225524 0.254077
v -0.095423 -0.225367 0.254254
v -0.095588 -0.224600 0.254819
v -0.094893 -0.225218 0.254489
v -0.095310 -0.226205 0.253910
v -0.094627 -0.225695 0.254247
v -0.094346 -0.226198 0.254080
v -0.093968 -0.225281 0.254825
v -0.093379 -0.225514 0.254763
v -0.094505 -0.225009 0.254922
v -0.093351 -0.224986 0.255644
v -0.092736 -0.224800 0.256574
v -0.092461 -0.225080 0.255627
v -0.094210 -0.224742 0.255654
v -0.093909 -0.224493 0.256572
v -0.095034 -0.224395 0.255653
v -0.095077 -0.224009 0.256570
v -0.095020 -0.224795 0.254921
v -0.095079 -0.224013 0.278476
v -0.093911 -0.224498 0.278478
v -0.092738 -0.224809 0.278480
v -0.091674 -0.224916 0.278481
v -0.091674 -0.224916 0.256576
v 0.091839 -0.224916 0.278631
v 0.092902 -0.224808 0.278634
v 0.091839 -0.224916 0.256725
v 0.092900 -0.224800 0.256733
v 0.092627 -0.225080 0.255773
v 0.093565 -0.224901 0.255749
v 0.093547 -0.225514 0.254898
v 0.094241 -0.225144 0.254863
v 0.094516 -0.226197 0.254196
v 0.094973 -0.225498 0.254220
v 0.095484 -0.224773 0.254169
v 0.095735 -0.225924 0.253837
v 0.096087 -0.224858 0.253841
v 0.096746 -0.224900 0.253635
v 0.096447 -0.223965 0.253804
v 0.096803 -0.223255 0.253747
v 0.096943 -0.223730 0.253668
v 0.096067 -0.224032 0.254016
v 0.096637 -0.223326 0.253830
v 0.096113 -0.223777 0.254318
v 0.096631 -0.223255 0.253965
v 0.096575 -0.223268 0.254619
v 0.095664 -0.224065 0.254948
v 0.096383 -0.223401 0.255238
v 0.095406 -0.224067 0.255824
v 0.094951 -0.224672 0.254827
v 0.094493 -0.224576 0.255752
v 0.094073 -0.224492 0.256742
v 0.095239 -0.224006 0.256751
v 0.094074 -0.224496 0.278640
v 0.095241 -0.224011 0.278650
v 0.096289 -0.223398 0.278661
v 0.096284 -0.223391 0.256760
v 0.097114 -0.222720 0.278673
v 0.097114 -0.222720 0.256768
v 0.163211 -0.156142 0.279883
v 0.163885 -0.155312 0.279894
v 0.163211 -0.156142 0.257977
v 0.163878 -0.155307 0.257981
v 0.163211 -0.156142 0.257029
v 0.163904 -0.155302 0.257000
v 0.163211 -0.156142 0.256173
v 0.097114 -0.222720 0.256149
v 0.096287 -0.223421 0.255974
v 0.097114 -0.222720 0.255530
v 0.097114 -0.222720 0.254911
v 0.097114 -0.222720 0.254292
v 0.163211 -0.156142 0.255494
v 0.164334 -0.155707 0.254987
v 0.163211 -0.156142 0.255058
v 0.163211 -0.156142 0.254907
v 0.163614 -0.155955 0.254945
v 0.163211 -0.156142 0.254907
v 0.163581 -0.155987 0.254937
v 0.163211 -0.156142 0.254907
v 0.163535 -0.156033 0.254926
v 0.164308 -0.155766 0.254972
v 0.164547 -0.154686 0.256056
v 0.164271 -0.155849 0.254950
v 0.164245 -0.155907 0.254935
v 0.165254 -0.154499 0.255438
v 0.165345 -0.155102 0.255132
v 0.165973 -0.153988 0.255522
v 0.165152 -0.153967 0.256068
v 0.165060 -0.153506 0.256990
v 0.165629 -0.153258 0.256155
v 0.165401 -0.152580 0.257026
v 0.165989 -0.152557 0.256204
v 0.165555 -0.151640 0.257056
v 0.166673 -0.153523 0.255535
v 0.166673 0.152787 0.253637
v 0.165391 -0.150852 0.257998
v 0.165276 -0.151914 0.257994
v 0.165391 -0.150852 0.279903
v 0.165285 -0.151916 0.279907
v 0.164975 -0.153090 0.279907
v 0.164970 -0.153088 0.257990
v 0.164493 -0.154260 0.279902
v 0.164488 -0.154258 0.257985
v 0.164547 -0.154420 0.256977
v 0.166407 -0.154749 0.255159
v 0.165385 -0.155763 0.254934
v 0.164218 -0.155966 0.254919
v 0.133217 -0.188990 0.254693
v 0.132777 -0.188554 0.254692
v 0.132338 -0.188118 0.254691
v 0.131899 -0.187682 0.254691
v 0.163469 -0.156097 0.254910
v 0.097070 -0.222979 0.253689
v 0.097113 -0.222720 0.253696
v 0.097113 -0.222720 0.253691
v 0.131899 -0.187682 0.254691
v 0.131905 -0.187676 0.254072
v 0.163211 -0.156142 0.254907
v 0.163211 -0.156142 0.254907
v 0.163502 -0.156065 0.254918
v 0.163211 -0.156142 0.254907
v 0.131910 -0.187671 0.253453
v 0.131916 -0.187665 0.252834
v 0.097113 -0.222720 0.253687
v 0.097113 -0.222720 0.253682
v 0.097113 -0.222720 0.253678
v 0.097114 -0.222720 0.253673
v 0.096834 -0.223015 0.254122
v 0.131921 -0.187659 0.252215
v 0.131927 -0.187654 0.251596
v 0.163887 -0.155408 0.256130
v -0.165784 -0.156589 0.253484
v -0.165678 -0.155103 0.253882
v -0.166466 -0.155530 0.253500
v -0.166146 -0.154079 0.253879
v -0.165102 -0.154798 0.254505
v -0.164740 -0.154620 0.255369
v -0.165549 -0.153788 0.254502
v -0.165187 -0.153563 0.255366
v -0.165823 -0.152739 0.254512
v -0.165990 -0.151682 0.254524
v -0.165446 -0.152470 0.255374
v -0.166456 -0.153032 0.253877
v -0.166673 -0.152000 0.253836
v -0.167326 -0.153335 0.253486
v -0.168344 -0.153596 0.253228
v -0.167534 -0.152301 0.253397
v -0.166987 -0.154431 0.253496
v -0.167965 -0.154798 0.253232
v -0.167367 -0.156045 0.253236
v -0.168485 -0.152560 0.253225
v -0.352928 -0.275856 0.252089
v -0.352226 -0.276139 0.252093
v -0.165989 0.153070 0.253668
v -0.165078 0.155286 0.253721
v -0.096692 0.228010 0.252058
v -0.095904 0.227062 0.252226
v -0.095936 0.226209 0.252495
v -0.094985 0.226198 0.252665
v -0.094017 0.225514 0.253352
v -0.095261 0.225697 0.252844
v -0.094601 0.225272 0.253414
v -0.095530 0.225216 0.253081
v -0.095141 0.225008 0.253515
v -0.095656 0.224793 0.253516
v -0.095675 0.224395 0.254252
v -0.094848 0.224735 0.254251
v -0.093986 0.224963 0.254232
v 0.093542 0.225514 0.253403
v 0.095760 0.224600 0.253477
v 0.165783 0.158981 0.252984
v 0.164737 0.155411 0.255132
v 0.167326 0.154126 0.253279
v -0.503625 -0.116858 0.251225
v 0.361245 -0.296522 0.235323
v 0.362466 -0.296410 0.235321
v 0.348870 -0.282082 0.249875
v 0.348934 -0.281252 0.250552
v 0.349891 -0.281735 0.250105
v 0.349853 -0.280922 0.250681
v 0.351060 -0.281251 0.250273
v 0.350792 -0.280589 0.250784
v 0.352262 -0.280671 0.250354
v 0.363776 -0.296088 0.235320
v 0.365047 -0.295587 0.235318
v 0.366154 -0.294956 0.235316
v 0.366989 -0.294258 0.235314
v 0.353377 -0.280051 0.250342
v 0.354302 -0.279458 0.250244
v 0.352573 -0.279598 0.250844
v 0.353450 -0.279041 0.250818
v 0.351775 -0.279122 0.251308
v 0.351697 -0.280145 0.250836
v 0.351188 -0.279659 0.251237
v 0.350577 -0.279961 0.251205
v 0.350619 -0.279366 0.251472
v 0.350929 -0.278684 0.251638
v 0.351294 -0.277930 0.251773
v 0.352416 -0.278516 0.251349
v 0.492864 -0.119406 0.256213
v 0.492103 -0.118445 0.256466
v 0.493553 -0.118980 0.256142
v 0.493630 -0.120382 0.255800
v 0.494325 -0.121277 0.255270
v 0.494127 -0.119714 0.255814
v 0.494748 -0.120378 0.255356
v 0.494587 -0.119094 0.255799
v 0.495189 -0.119474 0.255420
v 0.494824 -0.118458 0.255811
v 0.494202 -0.118599 0.256029
v 0.495539 -0.118531 0.255436
v 0.496324 -0.118617 0.254979
v 0.495808 -0.117553 0.255412
v 0.496717 -0.117408 0.254924
v 0.495857 -0.119867 0.254952
v 0.523247 -0.126966 0.234995
v 0.522747 -0.128207 0.234993
v 0.522115 -0.129333 0.234992
v 0.495360 -0.121034 0.254848
v 0.521414 -0.130235 0.234993
v 0.494887 -0.122008 0.254684
v 0.349819 -0.280087 0.251206
v 0.457874 -0.101940 0.250000
v 0.458521 -0.101208 0.250000
v 0.457880 -0.101945 0.143618
v 0.327105 -0.223060 0.250000
v 0.328011 -0.225000 -0.077877
v 0.326311 -0.223660 0.250000
v 0.326937 -0.225352 -0.077877
v 0.325301 -0.224200 0.250000
v 0.325675 -0.225538 -0.077877
v 0.324174 -0.224630 0.250000
v 0.324346 -0.225538 -0.077877
v 0.323040 -0.224905 0.250000
v 0.323085 -0.225352 -0.077877
v 0.322011 -0.225000 0.250000
v 0.322011 -0.225000 -0.077877
v -0.323575 -0.225000 0.250000
v -0.323575 -0.225000 -0.078728
v -0.324604 -0.224904 0.250000
v -0.324601 -0.224897 -0.077435
v -0.325736 -0.224627 0.250000
v -0.325734 -0.224623 -0.075917
v -0.326860 -0.224195 0.250000
v -0.326858 -0.224191 -0.074319
v -0.327866 -0.223651 0.250000
v -0.327863 -0.223645 -0.072801
v -0.328656 -0.223048 0.250000
v -0.328656 -0.223048 -0.071508
v -0.457791 -0.101952 0.250000
v -0.458434 -0.101216 0.250000
v -0.457791 -0.101952 0.143620
v -0.458178 -0.101426 0.142864
v -0.458427 -0.101212 0.143958
v -0.458646 -0.100752 0.143213
v -0.459009 -0.100285 0.144353
v -0.459089 -0.100051 0.143584
v -0.459470 -0.099254 0.144770
v -0.459014 -0.100287 0.250000
v -0.459474 -0.099256 0.250000
v -0.459770 -0.098223 0.250000
v -0.459872 -0.097290 0.250000
v -0.459762 -0.098222 0.145165
v -0.459872 -0.097290 0.145503
v -0.459625 -0.098387 0.144170
v -0.459790 -0.097485 0.144451
v -0.459473 -0.098532 0.143183
v -0.459413 -0.099262 0.143903
v -0.459338 -0.099247 0.143128
v -0.459132 -0.099787 0.142911
v -0.459175 -0.099371 0.142492
v -0.458899 -0.099657 0.141867
v -0.459219 -0.098715 0.142249
v -0.458879 -0.098932 0.141363
v -0.459232 -0.097953 0.142016
v -0.458799 -0.098181 0.140874
v -0.459573 -0.097713 0.143249
v -0.459232 0.097950 0.142016
v -0.458799 0.098177 0.140874
v -0.459220 0.098713 0.142243
v -0.459574 0.097711 0.143249
v -0.459468 0.098531 0.143179
v -0.459790 0.097484 0.144451
v -0.459872 0.097290 0.145503
v -0.459627 0.098384 0.144167
v -0.459762 0.098221 0.145165
v -0.459418 0.099258 0.143903
v -0.459469 0.099253 0.144769
v -0.459085 0.100043 0.143585
v -0.459337 0.099245 0.143127
v -0.459174 0.099368 0.142491
v -0.459130 0.099785 0.142910
v -0.458819 0.100262 0.142487
v -0.458448 0.100734 0.142034
v -0.458646 0.100748 0.143216
v -0.458893 0.099655 0.141870
v -0.458874 0.098932 0.141361
v -0.458568 0.099944 0.141219
v -0.458522 0.099129 0.140497
v -0.327992 0.221670 -0.076312
v -0.327718 0.221068 -0.077414
v -0.327003 0.222362 -0.077534
v -0.328112 0.222237 -0.075096
v -0.327079 0.222933 -0.076445
v -0.328065 0.222711 -0.073888
v -0.327871 0.223054 -0.072808
v -0.327077 0.223339 -0.075135
v -0.458173 0.101421 0.142861
v -0.457784 0.101946 0.143618
v -0.458422 0.101208 0.143956
v -0.457784 0.101946 0.250000
v -0.458429 0.101212 0.250000
v -0.327793 0.223054 0.250000
v -0.327001 0.223656 0.250000
v -0.327075 0.223649 -0.073716
v -0.325993 0.224198 0.250000
v -0.326069 0.224194 -0.074781
v -0.324867 0.224628 0.250000
v -0.324944 0.224624 -0.075903
v -0.323734 0.224905 0.250000
v -0.323811 0.224897 -0.076969
v -0.322705 0.225000 0.250000
v -0.322784 0.225000 -0.077877
v 0.322639 0.225000 0.250000
v 0.322783 0.225000 -0.077877
v 0.323668 0.224905 0.250000
v 0.323810 0.224897 -0.076969
v 0.324801 0.224629 0.250000
v 0.324943 0.224624 -0.075904
v 0.325927 0.224199 0.250000
v 0.326068 0.224194 -0.074783
v 0.326936 0.223656 0.250000
v 0.327074 0.223649 -0.073718
v 0.327728 0.223056 0.250000
v 0.327870 0.223055 -0.072811
v 0.457879 0.101944 0.250000
v 0.458524 0.101211 0.250000
v 0.457880 0.101945 0.143618
v 0.458269 0.101421 0.142861
v 0.458518 0.101208 0.143956
v 0.458739 0.100748 0.143211
v 0.459103 0.100283 0.144352
v 0.459183 0.100049 0.143583
v 0.459565 0.099253 0.144769
v 0.459107 0.100284 0.250000
v 0.459569 0.099254 0.250000
v 0.459866 0.098223 0.250000
v 0.459968 0.097290 0.250000
v 0.459858 0.098221 0.145165
v 0.459968 0.097290 0.145503
v 0.459721 0.098386 0.144170
v 0.459887 0.097484 0.144451
v 0.459568 0.098530 0.143183
v 0.459508 0.099260 0.143902
v 0.459433 0.099245 0.143127
v 0.459226 0.099784 0.142910
v 0.459270 0.099368 0.142492
v 0.459315 0.098712 0.142249
v 0.458994 0.099654 0.141866
v 0.458664 0.099943 0.141219
v 0.458975 0.098929 0.141363
v 0.458911 0.100257 0.142485
v 0.458544 0.100734 0.142034
v 0.328112 0.222238 -0.075098
v 0.328065 0.222712 -0.073891
v 0.327084 0.222938 -0.076443
v 0.327993 0.221671 -0.076313
v 0.327000 0.222363 -0.077529
v 0.327718 0.221069 -0.077415
v 0.327330 0.220493 -0.078305
v 0.326845 0.221626 -0.078382
v 0.458618 0.099128 0.140497
v 0.458423 0.098371 0.139931
v 0.458895 0.098177 0.140875
v 0.458423 -0.098371 0.139931
v 0.458618 -0.099128 0.140497
v 0.458895 -0.098177 0.140875
v 0.327330 -0.220493 -0.078305
v 0.326698 -0.220815 -0.079092
v 0.327151 -0.221435 -0.078303
v 0.326428 -0.221808 -0.079076
v 0.326679 -0.222290 -0.078304
v 0.326079 -0.222647 -0.079067
v 0.325932 -0.222970 -0.078309
v 0.458664 -0.099943 0.141219
v 0.458544 -0.100734 0.142034
v 0.458989 -0.099655 0.141871
v 0.458915 -0.100262 0.142487
v 0.459270 -0.099368 0.142492
v 0.458970 -0.098932 0.141362
v 0.459317 -0.098713 0.142243
v 0.459328 -0.097950 0.142016
v 0.459564 -0.098531 0.143179
v 0.459670 -0.097711 0.143249
v 0.459433 -0.099245 0.143127
v 0.459723 -0.098384 0.144167
v 0.459858 -0.098221 0.145165
v 0.459887 -0.097484 0.144451
v 0.459514 -0.099258 0.143904
v 0.459565 -0.099253 0.144769
v 0.459181 -0.100043 0.143585
v 0.458742 -0.100747 0.143216
v 0.459103 -0.100283 0.144352
v 0.459226 -0.099784 0.142910
v 0.458518 -0.101208 0.143956
v 0.459105 -0.100282 0.250000
v 0.459568 -0.099254 0.250000
v 0.459866 -0.098223 0.250000
v 0.459968 -0.097290 0.250000
v 0.459968 -0.097290 0.145503
v 0.458269 -0.101421 0.142861
v 0.324990 -0.223404 -0.078317
v 0.323948 -0.223573 -0.078326
v 0.324658 -0.223599 -0.079101
v 0.323736 -0.223869 -0.079118
v 0.324363 -0.223666 -0.079769
v 0.325480 -0.223237 -0.079082
v 0.325087 -0.223351 -0.079683
v 0.325503 -0.222890 -0.079679
v 0.324902 -0.223121 -0.080038
v 0.324129 -0.223388 -0.080235
v 0.324877 -0.222484 -0.080239
v 0.324840 -0.221590 -0.080380
v 0.323958 -0.222767 -0.080519
v 0.325692 -0.222158 -0.079759
v 0.325845 -0.221193 -0.079811
v 0.325845 0.221193 -0.079811
v 0.326698 0.220815 -0.079092
v 0.325919 0.222138 -0.079305
v 0.324840 0.221590 -0.080380
v 0.324912 0.222557 -0.079973
v 0.323784 0.221968 -0.080741
v 0.322785 0.222290 -0.080877
v 0.323849 0.222870 -0.080393
v 0.323784 -0.221968 -0.080741
v 0.322785 -0.222290 -0.080877
v 0.322997 -0.223054 -0.080738
v 0.325011 -0.222290 -0.080877
v 0.324083 -0.222775 -0.080730
v 0.325938 -0.222775 -0.080730
v -0.322785 -0.222290 -0.080877
v -0.323819 -0.222290 -0.080806
v -0.322817 -0.223128 -0.080674
v -0.322785 0.222290 -0.080877
v -0.322785 0.223124 -0.080717
v -0.323784 0.221968 -0.080741
v -0.323848 0.222867 -0.080391
v -0.324840 0.221590 -0.080380
v -0.324911 0.222558 -0.079980
v -0.325845 0.221192 -0.079811
v -0.324891 -0.222290 -0.080470
v -0.325897 -0.222290 -0.079901
v -0.324885 -0.223124 -0.080260
v -0.325723 -0.223122 -0.079787
v -0.324851 -0.223724 -0.079939
v -0.323889 -0.223155 -0.080578
v -0.324016 -0.223846 -0.080148
v -0.322985 -0.223883 -0.080219
v -0.324259 -0.224345 -0.079595
v -0.323273 -0.224483 -0.079555
v -0.325026 -0.224088 -0.079536
v -0.324644 -0.224710 -0.078852
v -0.325057 -0.224867 -0.077953
v -0.323653 -0.224867 -0.078748
v -0.325471 -0.224347 -0.078906
v -0.325944 -0.224483 -0.078043
v -0.326067 -0.223847 -0.078987
v -0.326503 -0.223150 -0.079103
v -0.326662 -0.223883 -0.078138
v -0.325461 -0.223724 -0.079593
v -0.327139 -0.223128 -0.078228
v -0.325675 -0.223878 -0.079932
v -0.326044 -0.223124 -0.080134
v -0.326122 -0.223924 -0.078979
v -0.325098 -0.224476 -0.079606
v -0.325658 -0.224386 -0.078718
v -0.324374 -0.224855 -0.079191
v -0.325155 -0.224677 -0.078129
v -0.325979 -0.224469 -0.076982
v -0.326809 -0.224108 -0.075766
v -0.326211 -0.224262 -0.077774
v -0.326539 -0.223934 -0.077959
v -0.326761 -0.223994 -0.076956
v -0.327417 -0.223519 -0.076097
v -0.328147 -0.222933 -0.075041
v -0.327652 -0.223595 -0.074497
v -0.327036 -0.223412 -0.077567
v -0.327601 -0.222765 -0.076965
v -0.326542 -0.223277 -0.078899
v -0.326922 -0.222542 -0.078741
v -0.326189 -0.222290 -0.080204
v -0.458523 -0.099133 0.140497
v -0.458328 -0.098376 0.139930
v -0.458570 -0.099948 0.141220
v -0.458451 -0.100738 0.142036
v -0.458817 -0.100261 0.142486
v -0.458328 0.098371 0.139930
v -0.327329 0.220492 -0.078304
v -0.326698 0.220815 -0.079092
v -0.327329 -0.222290 -0.078304
v -0.326736 -0.222290 -0.079155
v -0.326841 0.221627 -0.078385
v -0.325913 0.222139 -0.079302
v -0.325997 0.222972 -0.078637
v -0.324962 0.223408 -0.079431
v -0.326043 0.223566 -0.077644
v -0.326055 0.223935 -0.076296
v -0.324986 0.224007 -0.078541
v -0.323887 0.224276 -0.079157
v -0.324980 0.224362 -0.077296
v -0.323874 0.224634 -0.078106
v -0.322784 0.224855 -0.078800
v -0.322784 0.224476 -0.079634
v 0.322784 0.224855 -0.078800
v 0.323870 0.224631 -0.078107
v 0.322784 0.224476 -0.079634
v 0.322784 0.223878 -0.080296
v 0.323887 0.224269 -0.079154
v 0.323878 0.223682 -0.079928
v 0.324985 0.224007 -0.078541
v 0.324962 0.223408 -0.079431
v 0.324977 0.224367 -0.077301
v 0.326043 0.223567 -0.077646
v 0.326049 0.223934 -0.076302
v 0.325997 0.222973 -0.078638
v 0.327075 0.223342 -0.075139
v 0.322785 0.223124 -0.080717
v -0.322784 0.223878 -0.080296
v -0.323878 0.223679 -0.079920
v -0.328505 -0.223028 -0.073160
v -0.324087 -0.225000 -0.077877
v 0.322158 -0.224515 -0.078804
v 0.323283 -0.224853 -0.078834
v 0.322583 -0.223945 -0.079640
v 0.323654 -0.224311 -0.079599
v 0.323248 -0.223345 -0.080304
v 0.324210 -0.223813 -0.080152
v 0.325011 -0.224180 -0.079867
v 0.325016 -0.223297 -0.080556
v 0.325812 -0.223810 -0.080154
v 0.326774 -0.223345 -0.080304
v 0.326362 -0.224311 -0.079601
v 0.326733 -0.224858 -0.078828
v 0.327438 -0.223945 -0.079640
v 0.325413 -0.224544 -0.079464
v 0.325565 -0.225036 -0.078797
v 0.324608 -0.224544 -0.079464
v 0.324460 -0.225034 -0.078800
v 0.327864 -0.224515 -0.078804
v 0.323494 -0.223884 -0.079823
v 0.323239 -0.223603 -0.080382
v 0.459670 0.097711 0.143249
v 0.459328 0.097950 0.142016
v -0.459011 0.100284 0.250000
v -0.459007 0.100283 0.144352
v -0.459473 0.099255 0.250000
v -0.459770 0.098223 0.250000
v -0.459872 0.097290 0.250000
vn -0.0000 -0.0000 1.0000
vn 0.6950 -0.6900 0.2020
vn -0.0000 -0.9794 0.2020
vn -0.0000 -0.9248 0.3804
vn 0.6563 -0.6516 0.3804
vn -0.6543 -0.6536 0.3804
vn -0.6929 -0.6921 0.2020
vn -0.9248 -0.0000 0.3804
vn -0.9794 -0.0000 0.2020
vn -0.6948 0.6902 0.2020
vn -0.0000 0.9794 0.2020
vn -0.0000 0.9248 0.3804
vn -0.6561 0.6518 0.3804
vn 0.6514 0.6565 0.3804
vn 0.6898 0.6952 0.2020
vn 0.9248 -0.0000 0.3804
vn 0.9794 -0.0000 0.2020
vn 0.5248 0.5290 0.6669
vn 0.7451 -0.0000 0.6669
vn 0.5288 -0.5250 0.6669
vn 0.4964 -0.0000 0.8681
vn 0.3522 -0.3497 0.8681
vn -0.0000 -0.4964 0.8681
vn -0.0000 -0.7451 0.6669
vn -0.5272 -0.5266 0.6669
vn -0.3512 -0.3508 0.8681
vn -0.7451 -0.0000 0.6669
vn -0.4964 -0.0000 0.8681
vn -0.5286 0.5251 0.6669
vn -0.3521 0.3498 0.8681
vn -0.0000 0.7451 0.6669
vn -0.0000 0.4963 0.8681
vn 0.3496 0.3524 0.8681
vn -0.0000 0.1825 0.9832
vn 0.1285 0.1295 0.9832
vn 0.1825 -0.0000 0.9832
vn 0.1295 -0.1285 0.9832
vn -0.0000 -0.1825 0.9832
vn -0.1291 -0.1289 0.9832
vn -0.1825 -0.0000 0.9832
vn -0.1294 0.1286 0.9832
vn 0.6799 0.0001 0.7333
vn 0.6022 0.0001 0.7983
vn 0.4433 0.4161 0.7939
vn 0.4753 0.4457 0.7586
vn 0.6801 0.0001 0.7331
vn 0.4772 0.4469 0.7567
vn 0.4745 0.4482 0.7576
vn 0.4754 -0.4460 0.7583
vn 0.4411 -0.4141 0.7962
vn 0.4772 -0.4470 0.7566
vn 0.4745 -0.4482 0.7576
vn 0.3503 -0.3288 0.8770
vn 0.4756 0.0001 0.8796
vn 0.2673 -0.2508 0.9304
vn 0.3613 -0.0000 0.9325
vn 0.2688 0.2522 0.9296
vn 0.3522 0.3305 0.8756
vn -0.0018 0.5328 0.8462
vn -0.0018 0.4085 0.9127
vn -0.0016 0.2745 0.9616
vn 0.1805 0.1692 0.9689
vn -0.0014 0.1073 0.9942
vn 0.0708 0.0663 0.9953
vn 0.0947 -0.0000 0.9955
vn 0.2416 -0.0000 0.9704
vn 0.1795 -0.1683 0.9693
vn 0.0704 -0.0660 0.9953
vn -0.0007 -0.0000 1.0000
vn -0.0014 -0.1120 0.9937
vn -0.1317 -0.0000 0.9913
vn -0.0018 -0.2877 0.9577
vn -0.3840 -0.0000 0.9233
vn -0.0024 -0.4285 0.9035
vn -0.6216 -0.0001 0.7834
vn -0.0030 -0.5581 0.8298
vn -0.8284 -0.0001 0.5602
vn -0.0033 -0.6924 0.7215
vn -0.9684 -0.0001 0.2495
vn -0.0015 0.6639 0.7478
vn -0.9982 -0.0000 0.0605
vn -0.0008 0.7366 0.6763
vn -0.0018 -0.7357 0.6773
vn -0.0708 -0.0663 0.9953
vn -0.1805 -0.1692 0.9689
vn -0.2688 -0.2522 0.9296
vn -0.3522 -0.3305 0.8756
vn -0.4433 -0.4161 0.7939
vn 0.0015 -0.6639 0.7478
vn 0.0018 -0.5328 0.8462
vn 0.0018 -0.4085 0.9127
vn 0.0016 -0.2745 0.9616
vn 0.0014 -0.1073 0.9942
vn 0.1317 -0.0000 0.9913
vn 0.3840 -0.0000 0.9233
vn 0.6216 0.0001 0.7834
vn 0.8284 0.0001 0.5602
vn 0.9684 0.0001 0.2495
vn 0.0014 0.1120 0.9937
vn 0.0018 0.2877 0.9577
vn 0.0024 0.4285 0.9035
vn 0.0030 0.5581 0.8298
vn 0.0033 0.6924 0.7215
vn -0.4411 0.4141 0.7962
vn -0.3503 0.3288 0.8770
vn -0.2673 0.2508 0.9304
vn -0.1795 0.1683 0.9693
vn -0.0704 0.0660 0.9953
vn -0.6022 -0.0001 0.7983
vn -0.4756 -0.0001 0.8796
vn -0.3613 -0.0000 0.9325
vn -0.2416 -0.0000 0.9704
vn -0.0947 -0.0000 0.9955
vn 0.0018 0.7357 0.6773
vn 0.0007 -0.0000 1.0000
vn -0.4754 0.4460 0.7583
vn -0.4745 0.4482 0.7576
vn 0.9982 -0.0000 0.0605
vn -0.4772 0.4470 0.7566
vn -0.6801 -0.0001 0.7331
vn -0.6799 -0.0001 0.7333
vn -0.4753 -0.4457 0.7586
vn -0.4745 -0.4482 0.7576
vn 0.0008 -0.7366 0.6763
vn -0.4772 -0.4469 0.7567
vn 0.5825 -0.0615 0.8105
vn 0.5920 -0.0008 0.8059
vn 0.5741 0.0602 0.8165
vn 0.5141 -0.0001 0.8577
vn 0.4958 0.0659 0.8659
vn 0.4790 0.1152 0.8702
vn 0.5510 0.1449 0.8218
vn 0.4702 0.2002 0.8595
vn 0.5277 0.2167 0.8213
vn 0.5013 0.2872 0.8162
vn 0.4671 0.3672 0.8044
vn 0.4097 0.3202 0.8542
vn 0.4276 0.2678 0.8634
vn 0.3457 0.2724 0.8979
vn 0.3835 0.2565 0.8872
vn 0.4323 0.1849 0.8826
vn 0.3494 0.1513 0.9247
vn 0.2783 0.1977 0.9399
vn 0.2108 0.1011 0.9723
vn 0.3289 0.0677 0.9419
vn 0.3068 0.0274 0.9514
vn 0.1941 0.0524 0.9796
vn 0.4369 0.0893 0.8951
vn 0.4189 0.0614 0.9060
vn 0.4033 -0.0001 0.9151
vn 0.2964 -0.0000 0.9551
vn 0.4265 -0.0574 0.9027
vn 0.3087 -0.0264 0.9508
vn 0.1999 -0.0525 0.9784
vn 0.1858 -0.0000 0.9826
vn 0.0619 -0.0000 0.9981
vn 0.1131 -0.0560 0.9920
vn 0.1113 0.0568 0.9922
vn 0.0442 0.0693 0.9966
vn -0.0054 -0.0040 1.0000
vn -0.0049 0.0148 0.9999
vn 0.0118 0.1266 0.9919
vn 0.1649 0.0062 0.9863
vn 0.2084 0.0017 0.9780
vn -0.0097 0.0017 1.0000
vn 0.0471 -0.1832 0.9820
vn -0.0077 -0.0222 0.9997
vn -0.0004 -0.1825 0.9832
vn 0.1910 -0.0904 0.9774
vn -0.1237 -0.1203 0.9850
vn -0.0828 -0.1961 0.9771
vn -0.0029 -0.0053 1.0000
vn -0.1438 -0.1454 0.9789
vn -0.0001 -0.1222 0.9925
vn -0.0120 -0.1193 0.9928
vn 0.0541 -0.0759 0.9957
vn 0.0608 -0.1755 0.9826
vn 0.0535 -0.2725 0.9607
vn -0.0000 -0.2599 0.9656
vn 0.0225 -0.4030 0.9149
vn -0.0000 -0.3822 0.9241
vn -0.0177 -0.3403 0.9402
vn -0.0185 -0.2126 0.9770
vn -0.0266 -0.3304 0.9435
vn -0.0134 -0.2089 0.9778
vn -0.0092 -0.1482 0.9889
vn -0.0182 -0.1463 0.9891
vn -0.0323 -0.1962 0.9800
vn -0.0609 -0.1939 0.9791
vn -0.0314 -0.1455 0.9889
vn -0.1266 -0.2876 0.9493
vn -0.0666 -0.3074 0.9493
vn -0.1979 -0.3748 0.9057
vn -0.1152 -0.4114 0.9041
vn -0.0553 -0.4399 0.8964
vn -0.0824 -0.4689 0.8794
vn -0.1574 -0.4377 0.8853
vn -0.0359 -0.4430 0.8958
vn -0.0435 -0.5216 0.8521
vn -0.0667 -0.6519 0.7554
vn -0.1612 -0.6119 0.7744
vn -0.2414 -0.5721 0.7839
vn -0.3196 -0.5276 0.7870
vn -0.4070 -0.4710 0.7827
vn -0.4689 -0.4299 0.7716
vn -0.5147 -0.3770 0.7700
vn -0.4616 -0.3178 0.8282
vn -0.4118 -0.3781 0.8291
vn -0.4007 -0.2701 0.8755
vn -0.3298 -0.3028 0.8942
vn -0.3151 -0.4073 0.8572
vn -0.2358 -0.3762 0.8960
vn -0.2498 -0.2294 0.9407
vn -0.1644 -0.2944 0.9414
vn -0.1665 -0.1528 0.9741
vn -0.0815 -0.2147 0.9733
vn -0.2897 -0.2117 0.9334
vn -0.2250 -0.1190 0.9671
vn -0.0728 -0.0667 0.9951
vn -0.1604 -0.0579 0.9854
vn -0.2641 -0.0490 0.9633
vn -0.2752 -0.0995 0.9562
vn -0.4029 -0.0159 0.9151
vn -0.4189 -0.0624 0.9059
vn -0.3410 -0.1981 0.9190
vn -0.4293 -0.1525 0.8902
vn -0.5186 -0.1887 0.8339
vn -0.5448 -0.0855 0.8342
vn -0.5614 -0.1991 0.8032
vn -0.5915 -0.1106 0.7987
vn -0.4959 -0.2654 0.8269
vn -0.4483 -0.2581 0.8558
vn -0.6155 -0.2244 0.7555
vn -0.5713 -0.2963 0.7654
vn -0.6550 -0.1508 0.7404
vn -0.6949 -0.0642 0.7162
vn -0.6529 -0.0038 0.7575
vn -0.5847 0.0609 0.8089
vn -0.5073 0.0705 0.8589
vn -0.5824 0.0033 0.8129
vn -0.4341 0.0637 0.8986
vn -0.4667 0.0029 0.8844
vn -0.6208 -0.0604 0.7817
vn -0.5329 -0.0554 0.8444
vn -0.3529 0.0025 0.9357
vn -0.3232 0.0333 0.9457
vn -0.2212 0.0564 0.9736
vn -0.2338 0.0019 0.9723
vn -0.1003 0.0009 0.9950
vn -0.1397 0.0582 0.9885
vn -0.1993 0.1231 0.9722
vn -0.2394 0.0978 0.9660
vn -0.2669 0.2238 0.9374
vn -0.3068 0.2057 0.9293
vn -0.3454 0.0733 0.9356
vn -0.3717 0.1554 0.9152
vn -0.4532 0.1864 0.8717
vn -0.4023 0.2652 0.8762
vn -0.4893 0.2040 0.8479
vn -0.4495 0.2766 0.8494
vn -0.4927 0.1234 0.8614
vn -0.4553 0.1002 0.8847
vn -0.5449 0.2228 0.8084
vn -0.5652 0.1486 0.8115
vn -0.5214 0.2958 0.8004
vn -0.4904 0.3785 0.7850
vn -0.4661 0.4361 0.7698
vn -0.4064 0.4690 0.7841
vn -0.3500 0.4185 0.8381
vn -0.4095 0.3831 0.8280
vn -0.2974 0.3600 0.8843
vn -0.3277 0.3065 0.8937
vn -0.4358 0.3258 0.8390
vn -0.3744 0.2757 0.8853
vn -0.2478 0.2318 0.9407
vn -0.2328 0.2566 0.9380
vn -0.1305 0.2004 0.9710
vn -0.1643 0.1537 0.9744
vn -0.0707 0.0661 0.9953
vn -0.0628 0.1419 0.9879
vn -0.0590 0.2249 0.9726
vn -0.1102 0.2374 0.9651
vn -0.0334 0.3382 0.9405
vn -0.0767 0.3566 0.9311
vn -0.2130 0.2984 0.9304
vn -0.1653 0.3728 0.9131
vn -0.2027 0.4547 0.8673
vn -0.0993 0.4645 0.8800
vn -0.2198 0.4922 0.8423
vn -0.1265 0.5054 0.8536
vn -0.2928 0.4424 0.8477
vn -0.2797 0.3997 0.8729
vn -0.2409 0.5438 0.8039
vn -0.3188 0.5113 0.7981
vn -0.1613 0.5724 0.8039
vn -0.0675 0.6005 0.7967
vn -0.0004 0.6088 0.7933
vn 0.0544 0.5747 0.8165
vn 0.0314 0.4632 0.8857
vn -0.0001 0.5338 0.8456
vn 0.0255 0.3920 0.9196
vn -0.0001 0.4267 0.9044
vn -0.0706 0.5243 0.8486
vn -0.0670 0.4487 0.8912
vn -0.0000 0.3234 0.9463
vn 0.0110 0.3008 0.9536
vn 0.0131 0.1884 0.9820
vn -0.0000 0.2160 0.9764
vn -0.0000 0.0955 0.9954
vn 0.0086 0.1055 0.9944
vn 0.0042 0.1315 0.9913
vn 0.0070 0.1847 0.9828
vn 0.0086 0.1315 0.9913
vn 0.0197 0.1747 0.9844
vn 0.0171 0.2902 0.9568
vn 0.0475 0.2691 0.9619
vn 0.0395 0.1748 0.9838
vn 0.0935 0.2524 0.9631
vn 0.0871 0.3587 0.9294
vn 0.1518 0.3254 0.9333
vn 0.1817 0.3260 0.9278
vn 0.1227 0.2586 0.9582
vn 0.2766 0.2821 0.9186
vn 0.2035 0.2157 0.9550
vn 0.2370 0.2159 0.9472
vn 0.1736 0.1199 0.9775
vn 0.1282 0.1469 0.9808
vn 0.0543 0.1944 0.9794
vn 0.3535 0.3513 0.8670
vn 0.2469 0.3525 0.9027
vn 0.3317 0.4070 0.8511
vn 0.4143 0.3972 0.8189
vn 0.2592 0.4571 0.8508
vn 0.1955 0.4973 0.8452
vn 0.1876 0.3488 0.9182
vn 0.1198 0.3836 0.9157
vn 0.0607 0.4149 0.9078
vn 0.1307 0.5347 0.8348
vn 0.0402 0.3865 0.9214
vn 0.0149 0.1330 0.9910
vn -0.0024 0.0114 0.9999
vn -0.0035 0.0129 0.9999
vn 0.2263 0.0752 0.9712
vn 0.2172 0.1121 0.9697
vn -0.0017 0.0103 0.9999
vn 0.1903 0.1415 0.9715
vn 0.3272 0.2301 0.9165
vn 0.3478 0.1704 0.9219
vn 0.5872 0.3753 0.7172
vn 0.6235 0.2876 0.7270
vn 0.3688 0.1164 0.9222
vn 0.6541 0.1931 0.7314
vn 0.8706 0.2251 0.4375
vn 0.8260 0.3628 0.4314
vn 0.6740 0.1214 0.7287
vn 0.8817 0.1244 0.4552
vn 0.9742 0.1059 0.1993
vn 0.9391 0.2386 0.2475
vn 0.9945 0.1046 -0.0002
vn 0.9667 0.2559 -0.0003
vn 0.9231 0.3845 -0.0002
vn 0.8625 0.5061 -0.0003
vn 0.7747 0.6323 -0.0002
vn 0.7043 0.7099 -0.0000
vn 0.6269 0.7791 -0.0002
vn 0.5971 0.7626 0.2487
vn 0.6929 0.7006 0.1704
vn 0.4611 0.7168 0.5230
vn 0.6269 0.6376 0.4478
vn 0.7493 0.6316 0.1992
vn 0.6943 0.5748 0.4331
vn 0.4954 0.5083 0.7044
vn 0.5550 0.4338 0.7098
vn 0.7690 0.4821 0.4198
vn 0.3144 0.3284 0.8907
vn 0.3190 0.2908 0.9021
vn 0.2093 0.5668 0.7968
vn 0.1263 0.3643 0.9227
vn 0.1189 0.1325 0.9840
vn 0.0817 0.2102 0.9742
vn 0.1593 0.3455 0.9248
vn 0.1728 0.4541 0.8740
vn 0.2479 0.5560 0.7933
vn 0.2966 0.6493 0.7003
vn 0.2444 0.6650 0.7057
vn 0.2979 0.7301 0.6150
vn 0.2720 0.8442 0.4618
vn 0.3431 0.8306 0.4386
vn 0.3575 0.8672 0.3466
vn 0.2425 0.9114 0.3324
vn 0.4138 0.7835 0.4635
vn 0.4771 0.8200 0.3161
vn 0.5014 0.8652 -0.0003
vn 0.3809 0.9246 -0.0002
vn 0.2535 0.9673 -0.0003
vn 0.1037 0.9946 -0.0002
vn 0.0992 0.9625 0.2524
vn -0.0001 0.9854 0.1701
vn -0.0000 1.0000 -0.0000
vn -0.1045 0.9945 -0.0002
vn -0.1127 0.9615 0.2506
vn -0.2557 0.9668 -0.0003
vn -0.3842 0.9232 -0.0002
vn -0.5057 0.8627 -0.0003
vn -0.6319 0.7751 -0.0002
vn -0.7094 0.7048 -0.0000
vn -0.7787 0.6273 -0.0002
vn -0.7607 0.5988 0.2505
vn -0.6987 0.6948 0.1704
vn -0.7125 0.4634 0.5269
vn -0.6331 0.6309 0.4485
vn -0.6107 0.7500 0.2540
vn -0.4869 0.7093 0.5098
vn -0.2113 0.5659 0.7969
vn -0.5006 0.5005 0.7063
vn -0.3176 0.3195 0.8928
vn -0.1237 0.3532 0.9273
vn -0.5585 0.2111 0.8022
vn -0.3529 0.1286 0.9268
vn -0.1202 0.1238 0.9850
vn -0.1972 0.0844 0.9767
vn -0.3338 0.1625 0.9285
vn -0.4438 0.1756 0.8788
vn -0.5475 0.2518 0.7980
vn -0.6425 0.3001 0.7051
vn -0.6584 0.2467 0.7111
vn -0.7250 0.3008 0.6196
vn -0.8279 0.3455 0.4418
vn -0.8414 0.2750 0.4652
vn -0.8652 0.3599 0.3491
vn -0.9099 0.2450 0.3347
vn -0.8179 0.4792 0.3185
vn -0.7802 0.4160 0.4671
vn -0.9245 0.3812 -0.0002
vn -0.8650 0.5017 -0.0003
vn -0.9673 0.2537 -0.0003
vn -0.9946 0.1038 -0.0002
vn -0.9619 0.1010 0.2539
vn -0.9854 0.0005 0.1705
vn -1.0000 -0.0000 -0.0000
vn -0.9946 -0.1041 -0.0002
vn -0.9745 -0.1034 0.1994
vn -0.9671 -0.2545 -0.0003
vn -0.9240 -0.3824 -0.0002
vn -0.8641 -0.5034 -0.0003
vn -0.7772 -0.6292 -0.0002
vn -0.7075 -0.7067 -0.0000
vn -0.6300 -0.7766 -0.0002
vn -0.6009 -0.7589 0.2511
vn -0.6974 -0.6961 0.1706
vn -0.4644 -0.7109 0.5281
vn -0.6330 -0.6308 0.4489
vn -0.7530 -0.6273 0.1986
vn -0.6993 -0.5691 0.4326
vn -0.5613 -0.4262 0.7095
vn -0.5019 -0.4990 0.7064
vn -0.3203 -0.3170 0.8927
vn -0.3263 -0.2819 0.9022
vn -0.2106 -0.5572 0.8032
vn -0.1274 -0.3517 0.9274
vn -0.2466 -0.6572 0.7122
vn -0.1747 -0.4424 0.8796
vn -0.1614 -0.3324 0.9292
vn -0.2513 -0.5460 0.7992
vn -0.3001 -0.6411 0.7064
vn -0.1593 -0.8446 0.5112
vn -0.2754 -0.8406 0.4664
vn -0.2456 -0.9094 0.3356
vn -0.1012 -0.9617 0.2546
vn -0.3610 -0.8644 0.3501
vn -0.3464 -0.8269 0.4430
vn -0.4172 -0.7789 0.4683
vn -0.4808 -0.8166 0.3194
vn -0.3010 -0.7238 0.6209
vn -0.5040 -0.8637 -0.0003
vn -0.3829 -0.9238 -0.0002
vn -0.2548 -0.9670 -0.0003
vn -0.1043 -0.9946 -0.0002
vn -0.0000 -1.0000 -0.0000
vn 0.1046 -0.9945 -0.0002
vn 0.1434 -0.9603 0.2392
vn -0.0001 -0.9854 0.1701
vn 0.2828 -0.7814 0.5563
vn -0.0003 -0.8948 0.4465
vn 0.3942 -0.4163 0.8193
vn -0.0005 -0.7116 0.7026
vn 0.3162 -0.1924 0.9290
vn -0.0005 -0.4579 0.8890
vn 0.5316 -0.4925 0.6891
vn 0.4042 -0.1710 0.8985
vn 0.2737 -0.0814 0.9584
vn 0.2940 -0.0773 0.9527
vn 0.4725 -0.1718 0.8644
vn 0.5037 -0.1854 0.8438
vn 0.2911 -0.0727 0.9539
vn 0.7739 -0.5396 0.3317
vn 0.6829 -0.6104 0.4013
vn 0.7318 -0.6797 0.0488
vn 0.6756 -0.7303 0.1014
vn 0.6086 -0.7840 0.1225
vn 0.5269 -0.8116 0.2521
vn 0.4062 -0.8179 0.4075
vn 0.2792 -0.9295 0.2408
vn 0.4168 -0.8879 0.1950
vn 0.3844 -0.9232 -0.0002
vn 0.2558 -0.9667 -0.0003
vn 0.5059 -0.8626 -0.0003
vn 0.6321 -0.7749 -0.0002
vn 0.7097 -0.7045 -0.0000
vn 0.7789 -0.6271 -0.0002
vn 0.7766 -0.6300 0.0086
vn 0.7096 -0.7046 -0.0000
vn 0.7552 -0.6547 0.0328
vn 0.6367 -0.7709 0.0178
vn 0.6573 -0.7528 0.0351
vn 0.6882 -0.7249 0.0291
vn 0.7156 -0.6985 0.0082
vn 0.5814 -0.7679 0.2689
vn 0.3578 -0.9321 -0.0559
vn 0.4221 -0.9066 -0.0002
vn 0.0359 -0.2688 0.9625
vn 0.0361 -0.2684 0.9626
vn 0.0357 -0.2699 0.9622
vn 0.0356 -0.2681 0.9627
vn 0.6805 -0.5927 0.4308
vn 0.6017 -0.5991 0.5282
vn 0.0354 -0.2681 0.9627
vn 0.1415 -0.4214 0.8958
vn 0.1349 -0.3943 0.9090
vn 0.4549 -0.5444 0.7047
vn 0.7960 -0.5487 0.2558
vn 0.8000 -0.4315 0.4169
vn 0.7857 -0.2734 0.5550
vn 0.3909 -0.3997 0.8291
vn 0.8929 0.0028 0.4502
vn 0.7050 0.0044 0.7092
vn 0.4449 0.0056 0.8955
vn 0.1498 -0.3196 0.9356
vn 0.4185 0.0386 0.9074
vn 0.9853 0.0010 0.1708
vn 0.9599 -0.1335 0.2466
vn 0.9946 -0.1037 -0.0002
vn 1.0000 -0.0000 -0.0000
vn 0.9673 -0.2536 -0.0003
vn 0.9246 -0.3810 -0.0002
vn 0.8651 -0.5015 -0.0003
vn 0.8857 -0.4244 0.1884
vn 0.8365 -0.5424 0.0784
vn 0.7738 -0.6217 0.1216
vn 0.9216 -0.2887 0.2594
vn 0.0458 -0.2603 0.9644
vn 0.0371 -0.2839 0.9581
vn -0.0089 0.0015 1.0000
vn -0.0095 0.0018 1.0000
vn -0.0081 -0.0210 0.9997
vn -0.0077 -0.0218 0.9997
vn -0.0094 -0.0194 0.9998
vn -0.0079 0.0008 1.0000
vn -0.0122 -0.0163 0.9998
vn -0.0060 -0.0010 1.0000
vn 0.2490 -0.0521 0.9671
vn -0.7097 0.7045 -0.0000
vn -0.7096 0.7046 -0.0000
vn 0.0358 -0.2703 0.9621
vn 0.0343 -0.2692 0.9625
vn -0.7097 0.7045 -0.0001
vn 0.4861 -0.1859 0.8539
vn 0.7795 -0.5319 0.3309
vn 0.7508 -0.6597 0.0335
vn 0.7267 -0.6870 0.0001
vn -0.7097 0.7046 -0.0000
vn 0.0354 -0.2682 0.9627
vn 0.5395 -0.8363 0.0980
vn -0.3341 -0.2214 0.9162
vn -0.5928 -0.3679 0.7164
vn -0.3543 -0.1619 0.9210
vn -0.6282 -0.2805 0.7257
vn -0.8287 -0.3577 0.4305
vn -0.7729 -0.4766 0.4189
vn -0.8722 -0.2204 0.4366
vn -0.6580 -0.1861 0.7297
vn -0.6773 -0.1145 0.7268
vn -0.8828 -0.1196 0.4542
vn -0.4239 -0.0304 0.9052
vn -0.3749 -0.1081 0.9207
vn -0.2330 -0.0665 0.9702
vn -0.2150 0.0071 0.9766
vn -0.2241 -0.1033 0.9691
vn -0.0052 -0.0015 1.0000
vn -0.0043 -0.0030 1.0000
vn -0.1975 -0.1325 0.9713
vn -0.0035 -0.0042 1.0000
vn -0.1738 0.0027 0.9848
vn -0.4515 0.0025 0.8923
vn -0.0068 0.0009 1.0000
vn -0.0018 0.0013 1.0000
vn -0.0342 -0.1301 0.9909
vn -0.7083 0.0020 0.7059
vn -0.9400 -0.2350 0.2473
vn -0.8937 0.0013 0.4486
vn -0.8453 0.1593 0.5101
vn -0.8880 -0.3707 0.2722
vn -0.8302 -0.4982 0.2502
vn -0.0002 0.1787 0.9839
vn -0.0827 0.2023 0.9758
vn -0.1609 0.3429 0.9255
vn -0.0002 0.4550 0.8905
vn -0.0002 0.7102 0.7040
vn -0.2468 0.5456 0.8009
vn -0.2922 0.6407 0.7100
vn -0.1918 0.4398 0.8774
vn -0.3011 0.7255 0.6189
vn -0.2438 0.6669 0.7042
vn -0.3417 0.8294 0.4419
vn -0.4019 0.7887 0.4652
vn -0.3578 0.8660 0.3494
vn -0.4716 0.8157 0.3349
vn -0.2388 0.9173 0.3187
vn -0.2573 0.8460 0.4671
vn -0.1756 0.8318 0.5266
vn -0.0001 0.8944 0.4473
vn 0.1561 0.8480 0.5064
vn -0.0010 0.0094 1.0000
vn 0.1363 0.1546 0.9785
vn 0.8271 0.5028 0.2511
vn 0.8859 0.3751 0.2728
vn -0.2429 -0.4009 0.8833
vn 0.0009 -0.6929 0.7210
vn 0.0648 -0.6802 0.7302
vn 0.0002 -0.6147 0.7887
vn 0.0647 -0.6058 0.7930
vn 0.1179 -0.5731 0.8110
vn 0.1547 -0.6323 0.7591
vn 0.2089 -0.5367 0.8175
vn 0.2310 -0.5854 0.7772
vn 0.3054 -0.5334 0.7888
vn 0.3883 -0.4678 0.7940
vn 0.3273 -0.4227 0.8451
vn 0.2740 -0.4637 0.8426
vn 0.2770 -0.3733 0.8854
vn 0.2650 -0.4207 0.8676
vn 0.1969 -0.4960 0.8457
vn 0.1575 -0.4136 0.8967
vn 0.1997 -0.3266 0.9238
vn 0.1019 -0.2762 0.9557
vn 0.0685 -0.4112 0.9090
vn 0.1215 -0.2290 0.9658
vn 0.2133 -0.2788 0.9364
vn 0.2283 -0.2305 0.9459
vn 0.1462 -0.1578 0.9766
vn 0.1746 -0.1186 0.9775
vn 0.2456 -0.2168 0.9448
vn 0.3076 -0.3001 0.9029
vn 0.3568 -0.2665 0.8954
vn 0.3869 -0.2573 0.8855
vn 0.2883 -0.1999 0.9365
vn 0.4419 -0.1800 0.8788
vn 0.3568 -0.1498 0.9221
vn 0.2182 -0.0932 0.9714
vn 0.3310 -0.0671 0.9413
vn 0.4472 -0.0939 0.8895
vn 0.4871 -0.1163 0.8656
vn 0.4799 -0.1957 0.8552
vn 0.5049 -0.0646 0.8608
vn 0.5599 -0.1462 0.8155
vn 0.5372 -0.2180 0.8148
vn 0.5113 -0.2886 0.8095
vn 0.4776 -0.3687 0.7975
vn 0.4484 -0.4215 0.7882
vn 0.3898 -0.3718 0.8425
vn 0.4205 -0.3152 0.8508
vn 0.4361 -0.2669 0.8594
vn 0.0927 -0.5296 0.8432
vn 0.0596 -0.5228 0.8504
vn 0.0001 -0.4982 0.8670
vn 0.7527 -0.6584 -0.0000
vn 0.6895 -0.7243 -0.0042
vn 0.4540 -0.8910 0.0060
vn 0.3044 -0.9525 0.0049
vn 0.1722 -0.9851 0.0035
vn 0.0377 -0.9993 0.0021
vn -0.1215 -0.9926 0.0007
vn -0.0961 -0.9954 -0.0000
vn -0.2366 -0.9716 -0.0000
vn -0.3586 -0.9335 -0.0000
vn -0.4768 -0.8790 -0.0000
vn -0.6037 -0.7972 -0.0000
vn -0.6840 -0.7294 -0.0000
vn -0.7555 -0.6552 -0.0000
vn -0.7468 -0.6606 -0.0764
vn -0.8016 -0.5942 -0.0661
vn -0.8578 -0.5098 -0.0645
vn -0.8474 -0.5309 -0.0001
vn -0.9234 -0.3818 -0.0401
vn -0.9131 -0.4077 -0.0000
vn -0.9618 -0.2737 -0.0001
vn -0.9936 -0.1128 -0.0000
vn -0.9892 -0.1201 -0.0845
vn -0.9702 -0.2286 -0.0798
vn -0.9818 -0.1229 -0.1446
vn -0.9755 -0.1898 -0.1117
vn -0.9368 -0.3392 -0.0860
vn -0.9404 -0.2845 -0.1861
vn -0.9618 -0.1562 -0.2246
vn -0.9002 -0.3598 -0.2454
vn -0.9299 -0.1876 -0.3163
vn -0.9364 -0.1163 -0.3311
vn -0.9645 -0.0952 -0.2461
vn -0.9352 -0.0000 -0.3542
vn -0.9637 -0.0000 -0.2670
vn -0.9352 0.1183 -0.3339
vn -0.9651 0.0955 -0.2437
vn -0.9814 0.1233 -0.1472
vn -0.9841 -0.0000 -0.1776
vn -0.9970 -0.0000 -0.0771
vn -0.9893 0.1195 -0.0836
vn -0.9704 0.2293 -0.0763
vn -0.9755 0.1854 -0.1181
vn -0.9213 0.3868 -0.0404
vn -0.9344 0.3453 -0.0871
vn -0.9626 0.1564 -0.2213
vn -0.9401 0.2855 -0.1860
vn -0.8719 0.4758 -0.1161
vn -0.9005 0.3561 -0.2498
vn -0.8738 0.4018 -0.2737
vn -0.8433 0.5171 -0.1466
vn -0.9267 0.1948 -0.3213
vn -0.9141 0.2288 -0.3347
vn -0.8841 0.2807 -0.3736
vn -0.8620 0.4215 -0.2815
vn -0.7981 0.3989 -0.4515
vn -0.7815 0.5306 -0.3283
vn -0.7150 0.6642 -0.2182
vn -0.8163 0.5477 -0.1835
vn -0.7450 0.6627 -0.0764
vn -0.6679 0.7312 -0.1385
vn -0.7997 0.5968 -0.0658
vn -0.7537 0.6573 -0.0000
vn -0.6817 0.7316 0.0001
vn -0.6015 0.7989 0.0001
vn -0.4750 0.8800 0.0001
vn -0.3572 0.9340 0.0001
vn -0.2357 0.9718 -0.0000
vn -0.0958 0.9954 -0.0000
vn 0.0957 0.9954 -0.0000
vn 0.2356 0.9719 0.0001
vn 0.3569 0.9341 0.0001
vn 0.4747 0.8802 0.0002
vn 0.6010 0.7992 0.0003
vn 0.6813 0.7320 0.0002
vn 0.7534 0.6576 -0.0000
vn 0.7447 0.6630 -0.0764
vn 0.8000 0.5964 -0.0661
vn 0.8566 0.5119 -0.0644
vn 0.8461 0.5331 -0.0001
vn 0.9227 0.3833 -0.0399
vn 0.9123 0.4095 -0.0000
vn 0.9615 0.2749 -0.0001
vn 0.9936 0.1133 -0.0000
vn 0.9891 0.1205 -0.0846
vn 0.9700 0.2296 -0.0799
vn 0.9817 0.1234 -0.1447
vn 0.9753 0.1906 -0.1117
vn 0.9363 0.3405 -0.0859
vn 0.9401 0.2855 -0.1862
vn 0.9617 0.1570 -0.2248
vn 0.9297 0.1884 -0.3166
vn 0.8995 0.3612 -0.2456
vn 0.8729 0.4058 -0.2709
vn 0.9119 0.2309 -0.3392
vn 0.8692 0.4786 -0.1241
vn 0.8454 0.5138 -0.1461
vn 0.8161 0.5480 -0.1836
vn 0.8618 0.4218 -0.2817
vn 0.7154 0.6643 -0.2165
vn 0.7823 0.5276 -0.3310
vn 0.7966 0.4026 -0.4509
vn 0.8840 0.2808 -0.3739
vn 0.8792 0.1193 -0.4614
vn 0.7930 0.3034 -0.5283
vn 0.9125 0.1099 -0.3941
vn 0.8944 -0.0000 -0.4472
vn 0.8572 -0.0000 -0.5149
vn 0.8816 -0.1422 -0.4501
vn 0.9132 -0.1109 -0.3922
vn 0.7800 -0.0000 -0.6258
vn 0.7816 -0.1866 -0.5952
vn 0.7825 -0.3817 -0.4920
vn 0.8742 -0.3625 -0.3231
vn 0.6772 -0.7153 -0.1727
vn 0.8056 -0.5679 -0.1689
vn 0.8737 -0.4021 -0.2739
vn 0.9140 -0.2289 -0.3349
vn 0.9004 -0.3562 -0.2499
vn 0.9267 -0.1949 -0.3214
vn 0.9351 -0.1184 -0.3341
vn 0.9651 -0.0956 -0.2438
vn 0.9625 -0.1565 -0.2214
vn 0.9814 -0.1234 -0.1473
vn 0.9755 -0.1855 -0.1181
vn 0.9703 -0.2295 -0.0763
vn 0.9893 -0.1196 -0.0837
vn 0.9212 -0.3870 -0.0404
vn 0.9344 -0.3455 -0.0871
vn 0.8718 -0.4759 -0.1162
vn 0.8583 -0.5090 -0.0648
vn 0.9401 -0.2856 -0.1863
vn 0.8456 -0.5338 -0.0000
vn 0.9121 -0.4100 -0.0000
vn 0.9613 -0.2754 -0.0001
vn 0.9935 -0.1134 -0.0000
vn 0.9970 -0.0000 -0.0771
vn 0.7995 -0.5970 -0.0658
vn 0.8430 -0.5174 -0.1467
vn 0.4991 -0.8504 0.1665
vn 0.6772 -0.7358 -0.0008
vn 0.2099 -0.9517 0.2240
vn 0.4096 -0.9100 0.0638
vn 0.2647 -0.9632 -0.0459
vn 0.4046 -0.9101 -0.0896
vn 0.6765 -0.6477 -0.3505
vn 0.5774 -0.5157 -0.6330
vn 0.3833 -0.6856 -0.6189
vn 0.3456 -0.2900 -0.8924
vn 0.5617 -0.2300 -0.7947
vn 0.5311 -0.1203 -0.8387
vn 0.3514 -0.1541 -0.9235
vn 0.7352 -0.2865 -0.6144
vn 0.6951 -0.1743 -0.6975
vn 0.6445 -0.0000 -0.7646
vn 0.4925 -0.0000 -0.8703
vn 0.7242 0.3288 -0.6061
vn 0.5862 0.3121 -0.7476
vn 0.4167 0.3138 -0.8531
vn 0.3235 -0.0000 -0.9462
vn 0.1348 -0.0000 -0.9909
vn 0.2785 0.2601 -0.9246
vn 0.2254 -0.1654 -0.9601
vn -0.0130 0.2113 0.9773
vn -0.0000 -0.0000 -1.0000
vn -0.0000 -0.2554 -0.9668
vn -0.0000 -0.3035 -0.9528
vn -0.1009 0.0001 -0.9949
vn -0.0733 -0.2405 -0.9679
vn -0.0000 0.1886 -0.9821
vn -0.2801 0.2614 -0.9237
vn -0.4132 0.3134 -0.8550
vn -0.3114 0.0002 -0.9503
vn -0.5896 0.3111 -0.7453
vn -0.4927 0.0002 -0.8702
vn -0.4808 -0.2172 -0.8495
vn -0.2965 -0.2281 -0.9274
vn -0.4419 -0.4429 -0.7801
vn -0.2803 -0.4677 -0.8382
vn -0.0703 -0.5103 -0.8571
vn -0.0729 -0.7242 -0.6857
vn -0.2729 -0.6518 -0.7076
vn -0.0964 -0.8766 -0.4715
vn -0.3063 -0.7831 -0.5412
vn -0.3552 -0.8767 -0.3244
vn -0.1231 -0.9683 -0.2174
vn -0.5505 -0.7241 -0.4155
vn -0.4658 -0.6523 -0.5980
vn -0.5744 -0.4678 -0.6717
vn -0.6984 -0.5097 -0.5024
vn -0.3985 -0.5879 -0.7039
vn 0.7524 0.5038 0.4245
vn 0.5847 0.7447 0.3217
vn -0.7896 -0.4784 -0.3843
vn -0.5902 -0.7475 -0.3047
vn -0.3847 -0.9125 -0.1390
vn 0.3659 0.9076 0.2058
vn 0.1304 0.9882 0.0802
vn -0.2188 -0.9744 -0.0515
vn -0.3138 -0.9476 -0.0590
vn -0.3971 -0.9103 -0.1169
vn -0.4374 -0.8978 -0.0507
vn -0.5193 -0.8499 -0.0894
vn -0.6072 -0.7521 -0.2562
vn -0.6405 -0.7449 -0.1868
vn -0.7664 -0.6006 -0.2279
vn -0.6571 -0.7446 -0.1170
vn -0.8211 -0.5054 -0.2654
vn -0.7249 -0.6709 -0.1564
vn -0.8498 -0.3806 -0.3647
vn -0.8014 -0.4915 -0.3408
vn -0.8620 -0.2638 -0.4329
vn -0.8794 -0.1187 -0.4610
vn -0.8845 -0.2796 -0.3735
vn -0.9126 -0.1094 -0.3939
vn -0.9123 -0.2300 -0.3389
vn -0.8737 -0.4042 -0.2706
vn -0.8628 -0.4200 -0.2815
vn -0.8466 -0.5118 -0.1461
vn -0.8175 -0.5458 -0.1835
vn -0.8703 -0.4767 -0.1240
vn -0.8945 -0.0000 -0.4470
vn -0.8574 -0.0000 -0.5147
vn -0.8793 0.1192 -0.4611
vn -0.9133 0.1108 -0.3920
vn -0.8011 0.0001 -0.5985
vn -0.7932 0.3034 -0.5280
vn 0.8425 0.2122 0.4951
vn -0.7922 -0.2404 -0.5610
vn -0.6425 -0.2269 -0.7319
vn -0.6546 0.0002 -0.7560
vn -0.7226 0.3321 -0.6062
vn -0.7642 0.3823 -0.5195
vn -0.6408 0.4145 -0.6462
vn -0.6234 0.6498 -0.4348
vn -0.7458 0.5618 -0.3581
vn -0.6681 0.7136 -0.2106
vn -0.5344 0.8137 -0.2287
vn -0.4468 0.7208 -0.5299
vn -0.3907 0.8800 -0.2703
vn -0.3689 0.9129 -0.1750
vn -0.4816 0.8633 -0.1508
vn -0.3491 0.8735 -0.3393
vn -0.2793 0.9435 -0.1782
vn -0.0000 0.9879 -0.1548
vn -0.0000 0.9103 -0.4139
vn 0.2822 0.9424 -0.1798
vn 0.3541 0.8712 -0.3401
vn -0.0000 0.7421 -0.6703
vn 0.3614 0.7183 -0.5945
vn 0.4451 0.7252 -0.5253
vn 0.3858 0.8809 -0.2740
vn 0.6232 0.6500 -0.4349
vn 0.5366 0.8124 -0.2283
vn 0.7468 0.5587 -0.3609
vn 0.6633 0.7186 -0.2087
vn 0.7662 0.3845 -0.5148
vn 0.6378 0.4164 -0.6479
vn 0.6059 0.7804 -0.1546
vn 0.4841 0.8620 -0.1505
vn 0.6677 0.7315 -0.1380
vn 0.3653 0.9142 -0.1753
vn 0.4520 0.4460 -0.7725
vn 0.3563 0.4547 -0.8163
vn -0.0000 0.4868 -0.8735
vn -0.3626 0.7132 -0.6000
vn -0.3609 0.4559 -0.8136
vn -0.4462 0.4520 -0.7724
vn -0.6074 0.7795 -0.1534
vn -0.6637 -0.7429 -0.0873
vn -0.5870 -0.8054 -0.0827
vn 0.0002 -0.9458 -0.3248
vn 0.0005 -0.8647 -0.5022
vn -0.2679 -0.8328 -0.4844
vn -0.2342 -0.7403 -0.6302
vn -0.1865 -0.6290 -0.7547
vn 0.0005 -0.7423 -0.6701
vn -0.1095 -0.4938 -0.8626
vn 0.0003 -0.5539 -0.8326
vn -0.0713 -0.7039 -0.7067
vn -0.0000 -0.6153 -0.7883
vn 0.1102 -0.4934 -0.8628
vn 0.1866 -0.6290 -0.7547
vn 0.0711 -0.7036 -0.7070
vn 0.1050 -0.7880 -0.6067
vn 0.2337 -0.7407 -0.6299
vn 0.0002 -0.8046 -0.5938
vn -0.0000 -0.7421 -0.6703
vn -0.1050 -0.7879 -0.6067
vn -0.1237 -0.8669 -0.4830
vn -0.0000 -0.8780 -0.4787
vn 0.1235 -0.8672 -0.4824
vn 0.0636 0.9474 0.3136
vn -0.0420 0.7954 0.6046
vn 0.2582 -0.7910 -0.5546
vn 0.2784 -0.3841 -0.8803
vn -0.0557 0.5357 0.8426
vn 0.2400 0.9691 0.0564
vn 0.2679 -0.8328 -0.4844
vn 0.9841 -0.0000 -0.1777
vn 0.9637 -0.0000 -0.2672
vn 0.9645 0.0958 -0.2463
vn 0.9363 0.1168 -0.3314
vn 0.9351 -0.0000 -0.3544
vn -0.8462 0.5328 -0.0001
vn -0.9125 0.4092 -0.0000
vn -0.9615 0.2748 -0.0001
vn -0.9936 0.1132 -0.0000
vn -0.8584 0.5088 -0.0649
vt 1.000000 0.157769
vt 0.786997 0.000000
vt 0.213501 0.000000
vt 0.989906 0.160828
vt 0.782795 0.007423
vt 0.217686 0.007423
vt 0.782371 0.008171
vt 0.218107 0.008170
vt 0.988891 0.161136
vt 0.010094 0.160248
vt 0.011110 0.160557
vt 0.000000 0.157176
vt 0.010094 0.840321
vt 0.011109 0.840013
vt 0.000000 0.843381
vt 0.211579 1.000000
vt 0.787000 1.000000
vt 0.215780 0.992577
vt 0.782842 0.992578
vt 0.216203 0.991829
vt 0.782424 0.991831
vt 0.989906 0.841505
vt 0.988889 0.841194
vt 1.000000 0.844597
vt 0.781757 0.990641
vt 0.987265 0.840696
vt 0.987272 0.161626
vt 0.781695 0.009365
vt 0.980878 0.838740
vt 0.980878 0.163564
vt 0.779036 0.014061
vt 0.218779 0.009363
vt 0.221428 0.014061
vt 0.012731 0.161050
vt 0.019122 0.162995
vt 0.012729 0.839522
vt 0.019122 0.837584
vt 0.216879 0.990636
vt 0.219537 0.985938
vt 0.779123 0.985939
vt 0.221401 0.982645
vt 0.777278 0.982645
vt 0.976399 0.837368
vt 0.976399 0.164921
vt 0.023601 0.164359
vt 0.223285 0.017355
vt 0.777171 0.017355
vt 0.023601 0.836226
vt 0.000000 0.427244
vt 0.000000 0.398148
vt 0.000000 0.366577
vt 0.000000 0.333744
vt 0.000000 0.300911
vt 0.000000 0.269340
vt 0.000000 0.240244
vt 0.000000 0.214741
vt 0.000000 0.193811
vt 0.000000 0.178259
vt 0.000000 0.168682
vt 0.000000 0.165448
vt 0.000000 0.168682
vt 0.000000 0.178259
vt 0.000000 0.193811
vt 0.000000 0.214741
vt 0.000000 0.240244
vt 0.000000 0.269340
vt 0.000000 0.300911
vt 0.000000 0.333744
vt 0.000000 0.414935
vt -0.000334 0.669934
vt 0.000000 0.000000
vt -0.000316 0.669943
vt -0.000220 0.673450
vt -0.000233 0.673443
vt 0.530055 0.969810
vt 0.530372 0.969965
vt 0.107985 0.739176
vt 0.117918 0.744608
vt 0.129279 0.750821
vt 0.141582 0.757549
vt 0.154292 0.764500
vt 0.166864 0.771375
vt 0.178761 0.777881
vt 0.189486 0.783747
vt 0.198604 0.788733
vt 0.205763 0.792648
vt 0.210713 0.795356
vt 0.213311 0.796777
vt 0.213523 0.796893
vt 0.211409 0.795736
vt 0.207106 0.793383
vt 0.204931 0.792194
vt 0.338044 0.864990
vt 0.341163 0.866696
vt 0.346603 0.869671
vt 0.354187 0.873819
vt 0.363639 0.878988
vt 0.374589 0.884976
vt 0.386592 0.891540
vt 0.399145 0.898405
vt 0.411711 0.905277
vt 0.423747 0.911860
vt 0.434733 0.917868
vt 0.444204 0.923047
vt 0.099896 0.734752
vt 0.000000 0.427244
vt 0.000000 0.452747
vt 0.000000 0.473677
vt 0.000000 0.489229
vt 0.000000 0.498806
vt 0.000000 0.502040
vt 0.000000 0.498806
vt 0.000000 0.489229
vt 0.000000 0.473677
vt 0.432219 0.916493
vt 0.421801 0.910796
vt 0.410610 0.904675
vt 0.399025 0.898340
vt 0.387438 0.892003
vt 0.376244 0.885881
vt 0.365830 0.880186
vt 0.356571 0.875122
vt 0.348810 0.870878
vt 0.342855 0.867622
vt 0.338961 0.865492
vt 0.337318 0.864594
vt 0.200813 0.789942
vt 0.192784 0.785551
vt 0.183315 0.780372
vt 0.172741 0.774589
vt 0.161427 0.768402
vt 0.149760 0.762022
vt 0.138139 0.755666
vt 0.126959 0.749552
vt 0.116611 0.743893
vt 0.107468 0.738893
vt 0.099877 0.734742
vt 0.094150 0.731609
vt 0.090544 0.729638
vt 0.089253 0.728932
vt 0.090387 0.729552
vt 0.093964 0.731507
vt 0.000000 0.680120
vt 0.529394 0.969636
vt 0.441498 0.921568
vt 0.451782 0.927191
vt 0.457193 0.930151
vt 0.460269 0.931833
vt 0.460946 0.932203
vt 0.459251 0.931276
vt 0.455302 0.929117
vt 0.449297 0.925833
vt 0.530372 0.969965
vt 0.000036 0.677430
vt 0.529601 0.969604
vt 0.000043 0.677433
vt 0.003231 0.681428
vt 0.530738 0.968750
vt 0.003246 0.681435
vt 0.530738 0.968750
vt 0.529601 0.969604
vt 0.998428 0.969514
vt 0.998435 0.969514
vt 0.995076 0.969300
vt 0.991547 0.969061
vt 0.533047 0.967667
vt 0.007781 0.683257
vt 0.987715 0.968831
vt 0.535045 0.966672
vt 0.011872 0.684899
vt 0.007777 0.683255
vt 0.991542 0.969059
vt 0.995057 0.969293
vt 0.998416 0.969514
vt 0.998399 0.969514
vt 0.997936 0.969514
vt 0.997978 0.969514
vt 1.000000 0.969514
vt 0.879673 0.969545
vt 0.535045 0.966672
vt 0.011872 0.684899
vt 0.007781 0.683257
vt 0.003246 0.681434
vt 0.000043 0.677434
vt -0.000220 0.673450
vt -0.000316 0.669943
vt 0.998428 0.969514
vt 0.995076 0.969300
vt 0.991547 0.969061
vt 0.991542 0.969059
vt 0.995057 0.969294
vt 0.998416 0.969514
vt 0.998399 0.969514
vt 0.997936 0.969514
vt 0.530738 0.968750
vt 0.530055 0.969810
vt 0.530372 0.969965
vt -0.000334 0.669934
vt -0.000233 0.673443
vt 0.000035 0.677430
vt 0.003231 0.681428
vt 0.007777 0.683255
vt 0.011872 0.684899
vt 1.000000 0.288711
vt 0.978131 0.304039
vt 0.977932 0.302281
vt 0.999940 0.286840
vt 0.978210 0.695069
vt 1.000000 0.710497
vt 0.999939 0.712365
vt 0.977999 0.696817
vt 0.977474 0.695370
vt 0.977423 0.303708
vt 0.977298 0.696986
vt 0.977755 0.698831
vt 0.977140 0.698619
vt 0.999763 0.714441
vt 0.977252 0.701101
vt 0.976737 0.700442
vt 0.999236 0.716697
vt 0.998524 0.718470
vt 0.976654 0.702928
vt 0.997813 0.719941
vt 0.976134 0.704507
vt 0.975738 0.703278
vt 0.976231 0.701861
vt 0.975297 0.701877
vt 0.975807 0.700821
vt 0.976286 0.699845
vt 0.976593 0.698450
vt 0.975782 0.698632
vt 0.975158 0.699248
vt 0.974659 0.697890
vt 0.975551 0.697438
vt 0.976612 0.697146
vt 0.975323 0.696123
vt 0.976646 0.695727
vt 0.974157 0.696530
vt 0.976626 0.303316
vt 0.975319 0.302907
vt 0.976598 0.301899
vt 0.977259 0.302078
vt 0.975555 0.301592
vt 0.974156 0.302523
vt 0.974664 0.301165
vt 0.973125 0.696870
vt 0.973124 0.302204
vt 0.973776 0.300756
vt 0.973769 0.698308
vt 0.835366 0.951130
vt 0.836119 0.952361
vt 0.342494 0.241146
vt 0.170283 0.047286
vt 0.836813 0.047255
vt 0.664005 0.754995
vt 0.663316 0.246604
vt 0.630150 0.189818
vt 0.593549 0.127285
vt 0.408675 0.127160
vt 0.834691 0.951585
vt 0.663871 0.756710
vt 0.835238 0.953091
vt 0.663097 0.754566
vt 0.662413 0.247887
vt 0.662899 0.756277
vt 0.661755 0.246130
vt 0.629732 0.190534
vt 0.661331 0.247373
vt 0.593826 0.129967
vt 0.592801 0.128842
vt 0.409441 0.128718
vt 0.593099 0.130708
vt 0.408799 0.129172
vt 0.343219 0.242131
vt 0.409407 0.130124
vt 0.341710 0.242755
vt 0.167613 0.047370
vt 0.342516 0.243778
vt 0.168859 0.045544
vt 0.836752 0.045535
vt 0.166316 0.045583
vt 0.837742 0.046382
vt 0.837593 0.044861
vt 0.836678 0.043630
vt 0.837438 0.043358
vt 0.167185 0.043602
vt 0.836485 0.040727
vt 0.837279 0.040917
vt 0.165422 0.040708
vt 0.164993 0.043769
vt 0.163692 0.041096
vt 0.163035 0.044079
vt 0.162039 0.041516
vt 0.164080 0.045812
vt 0.165123 0.047590
vt 0.163081 0.047897
vt 0.162343 0.046222
vt 0.161489 0.044599
vt 0.161117 0.046824
vt 0.160330 0.045330
vt 0.161668 0.048302
vt 0.159281 0.043224
vt 0.160240 0.042459
vt 0.158647 0.041569
vt 0.159597 0.040762
vt 0.161097 0.039791
vt 0.162446 0.039201
vt 0.161344 0.037328
vt 0.160222 0.038065
vt 0.158942 0.039121
vt 0.163749 0.038584
vt 0.162325 0.036675
vt 0.153335 0.000000
vt 0.152232 0.000148
vt 0.151039 0.000579
vt 0.149731 0.001576
vt 0.157993 0.040001
vt 0.148787 0.002678
vt 0.157166 0.040769
vt 0.148022 0.003886
vt 0.022872 0.293147
vt 0.002020 0.278351
vt 0.022444 0.294597
vt 0.001391 0.279750
vt 0.023665 0.294316
vt 0.023237 0.295660
vt 0.157748 0.042307
vt 0.024541 0.295652
vt 0.024019 0.296687
vt 0.158406 0.044025
vt 0.159431 0.046122
vt 0.025622 0.297676
vt 0.160265 0.047508
vt 0.026227 0.299490
vt 0.024964 0.298301
vt 0.025379 0.299768
vt 0.161012 0.048735
vt 0.026770 0.301103
vt 0.025796 0.301224
vt 0.024719 0.301379
vt 0.024540 0.300060
vt 0.024364 0.298831
vt 0.023020 0.301696
vt 0.023107 0.300313
vt 0.023172 0.299011
vt 0.023533 0.297614
vt 0.022335 0.298817
vt 0.022794 0.296988
vt 0.022042 0.300479
vt 0.021394 0.298544
vt 0.021957 0.296267
vt 0.020953 0.300638
vt 0.000816 0.281459
vt 0.000321 0.283804
vt 0.000082 0.286043
vt 0.020572 0.302458
vt 0.000000 0.288078
vt 0.021128 0.694956
vt 0.000000 0.709638
vt 0.021392 0.696645
vt 0.000079 0.711479
vt 0.022088 0.695036
vt 0.022301 0.696624
vt 0.021729 0.302105
vt 0.023163 0.695147
vt 0.023194 0.696579
vt 0.024669 0.695414
vt 0.024432 0.696732
vt 0.025828 0.695903
vt 0.025317 0.697231
vt 0.026855 0.696317
vt 0.026199 0.697711
vt 0.025471 0.699280
vt 0.024816 0.698568
vt 0.024199 0.697921
vt 0.024463 0.701423
vt 0.023978 0.700330
vt 0.023515 0.699328
vt 0.023211 0.697892
vt 0.022897 0.700087
vt 0.022500 0.698220
vt 0.023345 0.701587
vt 0.022187 0.700910
vt 0.021692 0.698591
vt 0.022699 0.702866
vt 0.000307 0.713498
vt 0.000842 0.715803
vt 0.001504 0.717648
vt 0.023141 0.704566
vt 0.002201 0.719169
vt 0.157888 0.958935
vt 0.148805 0.995914
vt 0.158799 0.959760
vt 0.149603 0.997202
vt 0.158698 0.957804
vt 0.159509 0.958614
vt 0.023767 0.703089
vt 0.159612 0.956545
vt 0.160200 0.957472
vt 0.160846 0.954826
vt 0.161216 0.956026
vt 0.161787 0.953658
vt 0.162004 0.955218
vt 0.162623 0.952606
vt 0.162794 0.954402
vt 0.162994 0.956419
vt 0.162237 0.956778
vt 0.161551 0.957137
vt 0.163099 0.959095
vt 0.162301 0.958988
vt 0.161568 0.958914
vt 0.160741 0.958337
vt 0.161372 0.960204
vt 0.160316 0.959448
vt 0.162260 0.960625
vt 0.161141 0.961654
vt 0.159843 0.960709
vt 0.162222 0.962291
vt 0.150583 0.998414
vt 0.151869 0.999397
vt 0.152996 0.999846
vt 0.163166 0.962844
vt 0.154038 1.000000
vt 0.833626 0.962711
vt 0.842643 1.000000
vt 0.834661 0.962042
vt 0.843805 0.999858
vt 0.832342 0.960995
vt 0.833689 0.960369
vt 0.163138 0.961081
vt 0.830825 0.959057
vt 0.832576 0.958662
vt 0.829157 0.956441
vt 0.831336 0.956267
vt 0.827455 0.954433
vt 0.829993 0.954402
vt 0.826005 0.952655
vt 0.828681 0.952573
vt 0.831176 0.952357
vt 0.832226 0.954172
vt 0.833284 0.955946
vt 0.833249 0.952021
vt 0.833982 0.953735
vt 0.834841 0.955399
vt 0.834258 0.958233
vt 0.836000 0.957407
vt 0.836037 0.954614
vt 0.836980 0.956503
vt 0.836560 0.958842
vt 0.835088 0.959763
vt 0.837526 0.957900
vt 0.838441 0.957033
vt 0.837879 0.955578
vt 0.836978 0.953760
vt 0.974490 0.699928
vt 0.838937 0.958318
vt 0.838099 0.959194
vt 0.847342 0.997378
vt 0.848109 0.996173
vt 0.846398 0.998507
vt 0.837134 0.960209
vt 0.845082 0.999445
vt 0.835856 0.961277
vt 0.662941 0.760750
vt 0.663510 0.758695
vt 0.662577 0.758087
vt 0.662080 0.759895
vt 0.662221 0.762670
vt 0.661431 0.761633
vt 0.660729 0.760824
vt 0.661327 0.759187
vt 0.661775 0.757506
vt 0.659882 0.759737
vt 0.660635 0.758444
vt 0.661050 0.757022
vt 0.662069 0.755778
vt 0.661047 0.755292
vt 0.661047 0.754853
vt 0.661049 0.756653
vt 0.660545 0.758599
vt 0.661045 0.753546
vt 0.662275 0.754072
vt 0.661044 0.753054
vt 0.661044 0.752632
vt 0.661046 0.754381
vt 0.661049 0.756312
vt 0.661044 0.752632
vt 0.661046 0.754384
vt 0.661049 0.756315
vt 0.660467 0.758733
vt 0.660469 0.758730
vt 0.659673 0.760096
vt 0.659675 0.760094
vt 0.658955 0.761331
vt 0.658955 0.761331
vt 0.595916 0.869592
vt 0.595196 0.870827
vt 0.595195 0.870829
vt 0.595386 0.870501
vt 0.594782 0.871538
vt 0.659028 0.761206
vt 0.594767 0.871565
vt 0.594367 0.872251
vt 0.659110 0.761063
vt 0.659785 0.759904
vt 0.660062 0.762414
vt 0.594980 0.874187
vt 0.660722 0.763286
vt 0.594941 0.876266
vt 0.594451 0.873930
vt 0.594341 0.875314
vt 0.661432 0.764285
vt 0.595047 0.878293
vt 0.594294 0.876729
vt 0.593417 0.875304
vt 0.593687 0.874474
vt 0.593943 0.873687
vt 0.592489 0.873191
vt 0.593054 0.873191
vt 0.593568 0.873191
vt 0.593999 0.872883
vt 0.592465 0.873190
vt 0.593287 0.873191
vt 0.594196 0.872545
vt 0.593000 0.873191
vt 0.594401 0.872194
vt 0.591878 0.873190
vt 0.594399 0.872196
vt 0.593002 0.873191
vt 0.591880 0.873190
vt 0.590863 0.873189
vt 0.591614 0.873190
vt 0.414929 0.873070
vt 0.414176 0.873070
vt 0.414929 0.873070
vt 0.413915 0.873070
vt 0.413913 0.873070
vt 0.413328 0.873069
vt 0.412795 0.873069
vt 0.412793 0.873069
vt 0.411391 0.872056
vt 0.411393 0.872058
vt 0.410600 0.870676
vt 0.410601 0.870678
vt 0.409884 0.869428
vt 0.409884 0.869428
vt 0.347045 0.759874
vt 0.347045 0.759874
vt 0.346328 0.758624
vt 0.346327 0.758622
vt 0.346514 0.758948
vt 0.345914 0.757902
vt 0.410415 0.870353
vt 0.345895 0.757869
vt 0.345499 0.757179
vt 0.411035 0.871434
vt 0.411016 0.871401
vt 0.411432 0.872127
vt 0.410824 0.874058
vt 0.411353 0.873803
vt 0.344377 0.758220
vt 0.410861 0.876140
vt 0.343172 0.758150
vt 0.411470 0.875198
vt 0.344527 0.757311
vt 0.343724 0.757118
vt 0.410753 0.878166
vt 0.341999 0.758333
vt 0.342904 0.757035
vt 0.343728 0.755523
vt 0.344211 0.755992
vt 0.344668 0.756435
vt 0.344947 0.753936
vt 0.344951 0.754911
vt 0.344955 0.755798
vt 0.345134 0.756542
vt 0.344953 0.755313
vt 0.345331 0.756886
vt 0.344947 0.753896
vt 0.344951 0.754819
vt 0.345535 0.757243
vt 0.344943 0.752884
vt 0.344951 0.754822
vt 0.345534 0.757240
vt 0.344943 0.752887
vt 0.344936 0.751135
vt 0.344936 0.751135
vt 0.344941 0.752427
vt 0.342943 0.252758
vt 0.342941 0.252328
vt 0.342943 0.252758
vt 0.342936 0.251009
vt 0.342936 0.251006
vt 0.342934 0.250532
vt 0.342928 0.249076
vt 0.342928 0.249073
vt 0.343498 0.246667
vt 0.343497 0.246670
vt 0.344285 0.245312
vt 0.344284 0.245314
vt 0.344997 0.244086
vt 0.344997 0.244086
vt 0.407861 0.135810
vt 0.407861 0.135810
vt 0.408573 0.134584
vt 0.408574 0.134582
vt 0.408390 0.134900
vt 0.408985 0.133874
vt 0.344931 0.244200
vt 0.409006 0.133840
vt 0.409398 0.133164
vt 0.344854 0.244333
vt 0.344178 0.245497
vt 0.344086 0.245656
vt 0.343892 0.242995
vt 0.343230 0.244580
vt 0.408778 0.131238
vt 0.409308 0.131500
vt 0.409819 0.131747
vt 0.409760 0.132540
vt 0.410069 0.130965
vt 0.410334 0.130139
vt 0.411273 0.132237
vt 0.410706 0.132237
vt 0.410190 0.132236
vt 0.412155 0.132238
vt 0.411299 0.132237
vt 0.410474 0.132237
vt 0.411891 0.132238
vt 0.410763 0.132237
vt 0.412912 0.132238
vt 0.409360 0.133229
vt 0.409564 0.132878
vt 0.409361 0.133227
vt 0.410761 0.132237
vt 0.411889 0.132238
vt 0.589362 0.132360
vt 0.589362 0.132360
vt 0.590382 0.132360
vt 0.590384 0.132360
vt 0.590120 0.132360
vt 0.591021 0.132361
vt 0.591004 0.132361
vt 0.591672 0.132361
vt 0.591928 0.130262
vt 0.592373 0.131411
vt 0.592869 0.132599
vt 0.592354 0.132362
vt 0.593445 0.132457
vt 0.594076 0.132385
vt 0.593977 0.135129
vt 0.593507 0.134280
vt 0.593098 0.133662
vt 0.594203 0.135496
vt 0.593998 0.135085
vt 0.593763 0.134800
vt 0.593707 0.134705
vt 0.592973 0.133449
vt 0.591913 0.132361
vt 0.591509 0.132361
vt 0.592923 0.133363
vt 0.591511 0.132361
vt 0.592921 0.133361
vt 0.593720 0.134727
vt 0.593719 0.134724
vt 0.594442 0.135961
vt 0.594442 0.135961
vt 0.658258 0.245084
vt 0.658258 0.245084
vt 0.658980 0.246319
vt 0.658981 0.246321
vt 0.658258 0.245084
vt 0.658995 0.246345
vt 0.594442 0.135961
vt 0.658258 0.245084
vt 0.658936 0.246244
vt 0.594442 0.135961
vt 0.594544 0.135983
vt 0.658308 0.245095
vt 0.594493 0.135972
vt 0.658272 0.245087
vt 0.659014 0.246366
vt 0.658546 0.245570
vt 0.594442 0.135961
vt 0.658260 0.245085
vt 0.658260 0.245085
vt 0.658260 0.245085
vt 0.658514 0.245516
vt 0.658972 0.246295
vt 0.659601 0.247381
vt 0.660363 0.248649
vt 0.660230 0.247780
vt 0.660313 0.246790
vt 0.660922 0.248622
vt 0.660364 0.249818
vt 0.660364 0.249409
vt 0.659730 0.247601
vt 0.660366 0.250935
vt 0.660368 0.252483
vt 0.660366 0.250972
vt 0.661593 0.249390
vt 0.660370 0.253782
vt 0.660367 0.252032
vt 0.660367 0.252029
vt 0.660365 0.250094
vt 0.660365 0.250097
vt 0.659780 0.247688
vt 0.659779 0.247685
vt 0.660346 0.245706
vt 0.629313 0.191249
vt 0.628058 0.193397
vt 0.594443 0.135961
vt 0.658260 0.245085
vt 0.627922 0.193390
vt 0.594442 0.135961
vt 0.594442 0.135961
vt 0.627876 0.193388
vt 0.627830 0.193386
vt 0.342639 0.246209
vt 0.341873 0.245508
vt 0.343337 0.246945
vt 0.341386 0.247302
vt 0.342200 0.247879
vt 0.342925 0.248360
vt 0.343424 0.246796
vt 0.342926 0.248731
vt 0.342932 0.250088
vt 0.341912 0.249598
vt 0.342939 0.251830
vt 0.341712 0.251295
vt 0.340883 0.250798
vt 0.341073 0.249100
vt 0.340092 0.248671
vt 0.340441 0.246703
vt 0.339967 0.250371
vt 0.340998 0.244665
vt 0.411502 0.876604
vt 0.412113 0.874355
vt 0.412378 0.875181
vt 0.413298 0.873069
vt 0.412739 0.873069
vt 0.411855 0.873561
vt 0.412224 0.873069
vt 0.411794 0.872758
vt 0.411595 0.872410
vt 0.412504 0.873069
vt 0.836030 0.036691
vt 0.844989 0.000000
vt 0.846170 0.000143
vt 0.837070 0.037423
vt 0.836244 0.038601
vt 0.837174 0.039187
vt 0.838259 0.038256
vt 0.838120 0.039745
vt 0.847458 0.000556
vt 0.839562 0.039428
vt 0.839170 0.040722
vt 0.848810 0.001544
vt 0.849733 0.002617
vt 0.840491 0.040403
vt 0.850484 0.003797
vt 0.841304 0.041258
vt 0.840661 0.042452
vt 0.839909 0.041596
vt 0.839929 0.043779
vt 0.839347 0.042787
vt 0.838828 0.041875
vt 0.838021 0.041077
vt 0.838148 0.043095
vt 0.838446 0.044195
vt 0.838796 0.045409
vt 0.975310 0.297176
vt 0.974504 0.299127
vt 0.975164 0.299797
vt 0.975814 0.298222
vt 0.975720 0.295821
vt 0.976209 0.297211
vt 0.976717 0.298605
vt 0.976289 0.299182
vt 0.975786 0.300394
vt 0.977105 0.300437
vt 0.976580 0.300593
vt 0.977701 0.300254
vt 0.977212 0.297980
vt 0.999767 0.284758
vt 0.999251 0.282485
vt 0.976611 0.296181
vt 0.998539 0.280715
vt 0.976090 0.294627
vt 0.997832 0.279240
s 0
usemtl Bleu
f 97/49/42 99/50/42 100/51/42 101/52/42 102/53/42 103/54/42 104/55/42 105/56/42 106/57/42 107/58/42 108/59/42 109/60/42 110/61/42 111/62/42 112/63/42 113/64/42 114/65/42 115/66/42 116/67/42 117/68/42 118/51/42 119/50/42 120/69/42 94/70/42 90/71/42 89/71/42 91/72/42
f 92/73/43 196/74/43 94/70/43 91/72/43
f 271/75/44 92/73/44 91/72/44 93/76/44
f 194/77/45 193/78/45 192/79/45 191/80/45 190/81/45 189/82/45 188/83/45 187/84/45 186/85/45 185/86/45 184/87/45 183/88/45 182/89/45 181/90/45 164/91/45 152/92/45 151/93/45 150/94/45 149/95/45 148/96/45 147/97/45 146/98/45 145/99/45 144/100/45 143/101/45 142/102/45 141/103/45 140/104/45 93/76/45 91/72/45 95/105/45
f 121/106/46 122/107/46 123/108/46 124/109/46 125/110/46 126/111/46 127/112/46 128/113/46 129/114/46 98/107/46 97/49/46 91/72/46 94/70/46 120/69/46
f 132/115/47 163/116/47 162/117/47 161/118/47 160/119/47 159/120/47 158/121/47 157/122/47 156/123/47 155/124/47 154/125/47 153/126/47 151/93/47 152/92/47 165/127/47 166/128/47 167/129/47 168/130/47 169/131/47 170/132/47 171/133/47 172/134/47 173/135/47 174/136/47 175/137/47 176/138/47 177/139/47 178/140/47 179/141/47 180/142/47 95/105/47 91/72/47 96/143/47 130/144/47 131/145/47
f 139/146/48 138/147/48 137/148/48 136/149/48 135/150/48 134/151/48 133/152/48 131/145/48 130/144/48 93/76/48 140/104/48
f 210/103/49 211/102/49 212/101/49 213/100/49 214/99/49 215/98/49 216/97/49 217/96/49 218/95/49 219/94/49 220/93/49 221/92/49 233/91/49 250/90/49 251/89/49 252/88/49 253/87/49 254/86/49 255/85/49 256/84/49 257/83/49 258/82/49 259/81/49 260/80/49 261/79/49 262/78/49 263/77/49 197/105/49 94/70/49 195/153/49 209/104/49
f 195/153/50 94/70/50 196/74/50 264/75/50
f 249/142/51 248/141/51 247/140/51 246/139/51 245/138/51 244/137/51 243/136/51 242/135/51 241/134/51 240/133/51 239/132/51 238/131/51 237/130/51 236/129/51 235/128/51 234/127/51 221/92/51 220/93/51 222/126/51 223/125/51 224/124/51 225/123/51 226/122/51 227/121/51 228/120/51 229/119/51 230/118/51 231/117/51 232/116/51 201/115/51 200/145/51 199/144/51 198/143/51 94/70/51 197/105/51
f 202/152/52 203/151/52 204/150/52 205/149/52 206/148/52 207/147/52 208/146/52 209/104/52 195/153/52 199/144/52 200/145/52
f 264/75/53 196/74/53 265/154/53 266/155/53
f 268/156/54 265/154/54 196/74/54 92/73/54
f 266/155/55 265/154/55 267/157/55 288/158/55
f 269/159/56 267/157/56 265/154/56 268/156/56
f 273/160/57 269/159/57 268/156/57 270/161/57
f 270/161/58 268/156/58 92/73/58 271/75/58
f 271/75/59 292/162/59 272/163/59 270/161/59
f 270/161/60 272/163/60 274/164/60 273/160/60
f 273/160/61 274/164/61 276/165/61 275/166/61
f 275/166/62 278/167/62 269/159/62 273/160/62
f 275/166/63 276/165/63 286/168/63 277/169/63
f 277/169/64 279/170/64 278/167/64 275/166/64
f 279/170/65 282/170/65 280/171/65 278/167/65
f 278/167/66 280/171/66 267/157/66 269/159/66
f 288/158/67 267/157/67 280/171/67 281/166/67
f 281/166/68 280/171/68 282/170/68 283/169/68
f 283/169/69 282/170/69 279/170/69 277/169/69 286/168/69 284/168/69
f 283/169/70 284/168/70 285/172/70 281/166/70
f 276/165/71 285/172/71 284/168/71 286/168/71
f 281/166/72 285/172/72 287/173/72 288/158/72
f 274/164/73 287/173/73 285/172/73 276/165/73
f 288/158/74 287/173/74 289/174/74 266/155/74
f 272/163/75 289/174/75 287/173/75 274/164/75
f 266/155/76 289/174/76 290/175/76 264/75/76
f 292/162/77 290/175/77 289/174/77 272/163/77
f 264/75/78 290/175/78 291/176/78 195/153/78
f 293/177/79 291/176/79 290/175/79 292/162/79
f 93/76/80 293/177/80 292/162/80 271/75/80
f 293/177/81 295/178/81 296/178/81 291/176/81
f 93/76/82 297/144/82 294/179/82 293/177/82
f 195/153/83 291/176/83 298/179/83 299/144/83
f 493/180/84 505/181/84 507/182/84 495/166/84
f 495/166/85 507/182/85 508/183/85 496/158/85
f 496/158/86 508/183/86 509/184/86 497/155/86
f 497/155/87 509/184/87 510/185/87 498/75/87
f 498/75/88 510/185/88 506/186/88 494/153/88
f 494/153/89 500/177/89 504/187/89 498/75/89
f 498/75/90 504/187/90 503/163/90 497/155/90
f 497/155/91 503/163/91 502/188/91 496/158/91
f 496/158/92 502/188/92 501/189/92 495/166/92
f 495/166/93 501/189/93 499/168/93 493/180/93
f 481/168/94 499/168/94 501/189/94 483/190/94
f 483/190/95 501/189/95 502/188/95 484/191/95
f 484/191/96 502/188/96 503/163/96 485/192/96
f 485/192/97 503/163/97 504/187/97 486/193/97
f 486/193/98 504/187/98 500/177/98 482/194/98
f 475/169/99 481/168/99 483/190/99 477/166/99
f 477/166/100 483/190/100 484/191/100 478/195/100
f 478/195/101 484/191/101 485/192/101 479/155/101
f 479/155/102 485/192/102 486/193/102 480/196/102
f 480/196/103 486/193/103 482/194/103 476/197/103
f 476/197/104 488/198/104 492/199/104 480/196/104
f 480/196/105 492/199/105 491/200/105 479/155/105
f 479/155/106 491/200/106 490/201/106 478/195/106
f 478/195/107 490/201/107 489/202/107 477/166/107
f 477/166/108 489/202/108 487/203/108 475/169/108
f 488/198/109 506/186/109 510/185/109 492/199/109
f 492/199/110 510/185/110 509/184/110 491/200/110
f 491/200/111 509/184/111 508/183/111 490/201/111
f 490/201/112 508/183/112 507/182/112 489/202/112
f 489/202/113 507/182/113 505/181/113 487/203/113
f 476/197/114 482/194/114 304/179/114 303/144/114
f 493/180/115 499/168/115 481/168/115 475/169/115 487/203/115 505/181/115
f 345/77/116 346/105/116 488/198/116 476/197/116 324/104/116 326/103/116 322/102/116 329/101/116 320/100/116 317/99/116 315/98/116 311/97/116 313/96/116 310/95/116 308/94/116 307/93/116 363/92/116 362/91/116 361/90/116 350/89/116 358/88/116 352/87/116 355/86/116 354/85/116 353/84/116 357/83/116 356/82/116 349/81/116 351/80/116 348/79/116 359/78/116
f 325/146/117 324/104/117 476/197/117 301/144/117 330/145/117 318/152/117 321/151/117 319/150/117 328/149/117 327/148/117 323/147/117
f 482/194/118 500/177/118 474/178/118 473/178/118
f 312/115/119 330/145/119 301/144/119 302/143/119 488/198/119 346/105/119 344/142/119 342/141/119 343/140/119 347/139/119 340/138/119 338/137/119 337/136/119 339/135/119 341/134/119 360/133/119 364/132/119 366/131/119 367/130/119 369/129/119 368/128/119 365/127/119 363/92/119 307/93/119 309/126/119 305/125/119 306/124/119 331/123/119 332/122/119 333/121/119 334/120/119 336/119/119 335/118/119 316/117/119 314/116/119
f 469/106/120 467/69/120 506/186/120 488/198/120 442/49/120 443/107/120 451/114/120 446/113/120 449/112/120 447/111/120 448/110/120 450/109/120 445/108/120 452/107/120
f 442/49/121 488/198/121 300/71/121 370/71/121 506/186/121 467/69/121 468/50/121 465/51/121 466/68/121 470/67/121 463/66/121 471/65/121 457/64/121 459/63/121 454/62/121 455/61/121 453/60/121 456/59/121 461/58/121 460/57/121 458/56/121 472/55/121 464/54/121 462/53/121 441/52/121 440/51/121 444/50/121
f 396/103/122 394/104/122 494/153/122 506/186/122 416/105/122 415/77/122 429/78/122 418/79/122 421/80/122 419/81/122 426/82/122 427/83/122 423/84/122 424/85/122 425/86/122 422/87/122 428/88/122 420/89/122 431/90/122 432/91/122 433/92/122 377/93/122 378/94/122 380/95/122 383/96/122 381/97/122 385/98/122 387/99/122 390/100/122 399/101/122 392/102/122
f 388/152/123 400/145/123 371/144/123 494/153/123 394/104/123 395/146/123 393/147/123 397/148/123 398/149/123 389/150/123 391/151/123
f 494/153/124 373/144/124 374/179/124 500/177/124
f 414/142/125 416/105/125 506/186/125 372/143/125 371/144/125 400/145/125 382/115/125 384/116/125 386/117/125 405/118/125 406/119/125 404/120/125 403/121/125 402/122/125 401/123/125 376/124/125 375/125/125 379/126/125 377/93/125 433/92/125 435/127/125 438/128/125 439/129/125 437/130/125 436/131/125 434/132/125 430/133/125 411/134/125 409/135/125 407/136/125 408/137/125 410/138/125 417/139/125 413/140/125 412/141/125
f 1123/71/676 1125/71/676 1305/71/676 1124/71/676
f 1126/71/677 1127/71/677 1313/71/677 1125/71/677 1123/71/677
f 1127/71/678 1126/71/678 1128/71/678 1129/71/678
f 1129/71/679 1128/71/679 1130/71/679 1131/71/679
f 1131/71/680 1130/71/680 1132/71/680 1133/71/680
f 1133/71/681 1132/71/681 1134/71/681 1135/71/681
f 1135/71/682 1134/71/682 1136/71/682 1137/71/682
f 1138/71/479 1139/71/479 1431/71/479 1137/71/479 1136/71/479
f 1139/71/683 1138/71/683 1140/71/683 1141/71/683
f 1141/71/684 1140/71/684 1142/71/684 1143/71/684
f 1143/71/685 1142/71/685 1144/71/685 1145/71/685
f 1145/71/686 1144/71/686 1146/71/686 1147/71/686
f 1147/71/687 1146/71/687 1148/71/687 1149/71/687
f 1152/71/688 1149/71/688 1148/71/688 1150/71/688
f 1151/71/689 1154/71/689 1152/71/689 1150/71/689
f 1149/71/690 1152/71/690 1153/71/690 1430/71/690
f 1152/71/691 1154/71/691 1155/71/691 1153/71/691
f 1154/71/692 1156/71/692 1157/71/692 1155/71/692
f 1159/71/693 1156/71/693 1154/71/693 1151/71/693
f 1156/71/694 1158/71/694 1168/71/694 1157/71/694
f 1160/71/695 1158/71/695 1156/71/695 1159/71/695
f 1161/71/696 1163/71/696 1158/71/696 1160/71/696
f 1162/71/697 1164/71/697 1163/71/697 1161/71/697
f 1164/71/698 1166/71/698 1165/71/698 1163/71/698
f 1163/71/699 1165/71/699 1168/71/699 1158/71/699
f 1166/71/700 1177/71/700 1167/71/700 1165/71/700
f 1165/71/701 1167/71/701 1169/71/701 1168/71/701
f 1157/71/702 1168/71/702 1169/71/702 1170/71/702
f 1171/71/703 1170/71/703 1169/71/703
f 1167/71/704 1173/71/704 1171/71/704 1169/71/704
f 1172/71/705 1396/71/705 1170/71/705 1171/71/705
f 1174/71/706 1172/71/706 1171/71/706 1173/71/706
f 1176/71/707 1174/71/707 1173/71/707 1175/71/707
f 1177/71/708 1175/71/708 1173/71/708 1167/71/708
f 1179/71/709 1176/71/709 1175/71/709 1178/71/709
f 1178/71/710 1175/71/710 1177/71/710 1181/71/710
f 1179/71/711 1178/71/711 1180/71/711 1197/71/711
f 1178/71/712 1181/71/712 1182/71/712 1180/71/712
f 1183/71/713 1185/71/713 1182/71/713 1181/71/713
f 1181/71/714 1177/71/714 1166/71/714 1183/71/714
f 1183/71/715 1166/71/715 1164/71/715 1184/71/715
f 1184/71/716 1186/71/716 1185/71/716 1183/71/716
f 1186/71/717 1188/71/717 1187/71/717 1185/71/717
f 1185/71/718 1187/71/718 1190/71/718 1182/71/718
f 1188/71/719 1455/71/719 1189/71/719 1187/71/719
f 1187/71/720 1189/71/720 1192/71/720 1190/71/720
f 1180/71/721 1182/71/721 1190/71/721 1191/71/721
f 1191/71/722 1190/71/722 1192/71/722
f 1195/71/723 1193/71/723 1192/71/723 1189/71/723
f 1193/71/724 1196/71/724 1191/71/724 1192/71/724
f 1194/71/725 1198/71/725 1196/71/725 1193/71/725
f 1208/71/726 1194/71/726 1193/71/726 1195/71/726
f 1197/71/727 1180/71/727 1191/71/727 1196/71/727
f 1199/71/728 1197/71/728 1196/71/728 1198/71/728
f 1198/71/729 1200/71/729 1201/71/729 1199/71/729
f 1194/71/730 1203/71/730 1200/71/730 1198/71/730
f 1201/71/731 1200/71/731 1202/71/731 1402/71/731
f 1200/71/732 1203/71/732 1204/71/732 1202/71/732
f 1205/71/733 1207/71/733 1204/71/733 1203/71/733
f 1208/71/734 1205/71/734 1203/71/734 1194/71/734
f 1209/71/735 1206/71/735 1205/71/735 1208/71/735
f 1206/71/736 1215/71/736 1207/71/736 1205/71/736
f 1209/71/737 1208/71/737 1195/71/737 1210/71/737
f 1211/71/738 1209/71/738 1210/71/738 1212/71/738
f 1213/71/739 1206/71/739 1209/71/739 1211/71/739
f 1206/71/740 1213/71/740 1214/71/740 1215/71/740
f 1215/71/741 1214/71/741 1216/71/741 1217/71/741
f 1217/71/742 1216/71/742 1218/71/742 1219/71/742
f 1219/71/743 1218/71/743 1220/71/743 1221/71/743
f 1221/71/744 1220/71/744 1222/71/744 1223/71/744
f 1224/71/399 1225/71/399 1223/71/399 1222/71/399
f 1225/71/745 1224/71/745 1226/71/745 1227/71/745
f 1227/71/746 1226/71/746 1228/71/746 1229/71/746
f 1229/71/747 1228/71/747 1230/71/747 1231/71/747
f 1231/71/748 1230/71/748 1232/71/748 1233/71/748
f 1233/71/749 1232/71/749 1234/71/749 1235/71/749
f 1238/71/750 1235/71/750 1234/71/750 1236/71/750
f 1237/71/751 1240/71/751 1238/71/751 1236/71/751
f 1239/71/752 1265/71/752 1235/71/752 1238/71/752
f 1238/71/753 1240/71/753 1241/71/753 1239/71/753
f 1240/71/754 1242/71/754 1243/71/754 1241/71/754
f 1245/71/755 1242/71/755 1240/71/755 1237/71/755
f 1242/71/756 1244/71/756 1254/71/756 1243/71/756
f 1246/71/757 1244/71/757 1242/71/757 1245/71/757
f 1247/71/758 1249/71/758 1244/71/758 1246/71/758
f 1248/71/759 1250/71/759 1249/71/759 1247/71/759
f 1250/71/760 1252/71/760 1251/71/760 1249/71/760
f 1249/71/761 1251/71/761 1254/71/761 1244/71/761
f 1252/71/762 1452/71/762 1253/71/762 1251/71/762
f 1251/71/763 1253/71/763 1255/71/763 1254/71/763
f 1243/71/764 1254/71/764 1255/71/764 1256/71/764
f 1256/71/765 1255/71/765 1257/71/765
f 1253/71/766 1258/71/766 1257/71/766 1255/71/766
f 1261/71/767 1259/71/767 1257/71/767 1258/71/767
f 1259/71/768 1262/71/768 1256/71/768 1257/71/768
f 1260/71/769 1263/71/769 1262/71/769 1259/71/769
f 1272/71/770 1260/71/770 1259/71/770 1261/71/770
f 1241/71/771 1243/71/771 1256/71/771 1262/71/771
f 1239/71/772 1241/71/772 1262/71/772 1263/71/772
f 1263/71/773 1264/71/773 1265/71/773 1239/71/773
f 1260/71/774 1267/71/774 1264/71/774 1263/71/774
f 1265/71/775 1264/71/775 1266/71/775 1426/71/775
f 1264/71/776 1267/71/776 1268/71/776 1266/71/776
f 1269/71/777 1271/71/777 1268/71/777 1267/71/777
f 1272/71/778 1269/71/778 1267/71/778 1260/71/778
f 1273/71/779 1270/71/779 1269/71/779 1272/71/779
f 1270/71/780 1328/71/780 1271/71/780 1269/71/780
f 1273/71/781 1272/71/781 1261/71/781 1274/71/781
f 1275/71/782 1273/71/782 1274/71/782 1277/71/782
f 1278/71/783 1270/71/783 1273/71/783 1275/71/783
f 1276/71/784 1280/71/784 1278/71/784 1275/71/784
f 1275/71/785 1277/71/785 1290/71/785 1276/71/785
f 1279/71/786 1328/71/786 1270/71/786 1278/71/786
f 1278/71/787 1280/71/787 1281/71/787 1279/71/787
f 1280/71/788 1282/71/788 1283/71/788 1281/71/788
f 1285/71/789 1282/71/789 1280/71/789 1276/71/789
f 1282/71/790 1284/71/790 1317/71/790 1283/71/790
f 1286/71/791 1284/71/791 1282/71/791 1285/71/791
f 1286/71/792 1285/71/792 1287/71/792 1288/71/792
f 1276/71/793 1290/71/793 1287/71/793 1285/71/793
f 1288/71/794 1287/71/794 1289/71/794 1304/71/794
f 1290/71/795 1291/71/795 1289/71/795 1287/71/795
f 1277/71/796 1292/71/796 1291/71/796 1290/71/796
f 1292/71/797 1294/71/797 1293/71/797 1291/71/797
f 1291/71/798 1293/71/798 1295/71/798 1289/71/798
f 1298/71/799 1296/71/799 1293/71/799 1294/71/799
f 1296/71/800 1299/71/800 1295/71/800 1293/71/800
f 1297/71/801 1300/71/801 1299/71/801 1296/71/801
f 1310/71/802 1297/71/802 1296/71/802 1298/71/802
f 1300/71/803 1303/71/803 1301/71/803 1299/71/803
f 1299/71/804 1301/71/804 1304/71/804 1295/71/804
f 1302/71/805 1288/71/805 1304/71/805 1301/71/805
f 1305/71/806 1302/71/806 1301/71/806 1303/71/806
f 1304/71/807 1289/71/807 1295/71/807
f 1124/71/808 1305/71/808 1303/71/808 1306/71/808
f 1306/71/809 1303/71/809 1300/71/809 1307/71/809
f 1307/71/810 1300/71/810 1297/71/810 1308/71/810
f 1308/71/811 1297/71/811 1310/71/811 1309/71/811
f 1310/71/543 1250/71/543 1248/71/543 1309/71/543
f 1298/71/812 1252/71/812 1250/71/812 1310/71/812
f 1125/71/813 1311/71/813 1302/71/813 1305/71/813
f 1311/71/814 1286/71/814 1288/71/814 1302/71/814
f 1125/71/815 1313/71/815 1312/71/815 1311/71/815
f 1311/71/816 1312/71/816 1284/71/816 1286/71/816
f 1313/71/817 1315/71/817 1314/71/817 1312/71/817
f 1312/71/818 1314/71/818 1317/71/818 1284/71/818
f 1315/71/819 1450/71/819 1316/71/819 1314/71/819
f 1314/71/820 1316/71/820 1318/71/820 1317/71/820
f 1283/71/821 1317/71/821 1318/71/821 1319/71/821
f 1319/71/822 1318/71/822 1320/71/822
f 1316/71/823 1321/71/823 1320/71/823 1318/71/823
f 1324/71/824 1322/71/824 1320/71/824 1321/71/824
f 1322/71/825 1325/71/825 1319/71/825 1320/71/825
f 1323/71/826 1326/71/826 1325/71/826 1322/71/826
f 1335/71/827 1323/71/827 1322/71/827 1324/71/827
f 1281/71/828 1283/71/828 1319/71/828 1325/71/828
f 1279/71/829 1281/71/829 1325/71/829 1326/71/829
f 1326/71/830 1327/71/830 1328/71/830 1279/71/830
f 1323/71/831 1330/71/831 1327/71/831 1326/71/831
f 1328/71/832 1327/71/832 1329/71/832 1271/71/832
f 1327/71/833 1330/71/833 1331/71/833 1329/71/833
f 1332/71/834 1334/71/834 1331/71/834 1330/71/834
f 1335/71/835 1332/71/835 1330/71/835 1323/71/835
f 1336/71/836 1333/71/836 1332/71/836 1335/71/836
f 1333/71/837 1427/71/837 1334/71/837 1332/71/837
f 1336/71/838 1335/71/838 1324/71/838 1337/71/838
f 1338/71/839 1336/71/839 1337/71/839 1340/71/839
f 1341/71/840 1344/71/840 1333/71/840 1336/71/840 1338/71/840
f 1341/71/841 1338/71/841 1339/71/841 1343/71/841
f 1338/71/842 1340/71/842 1439/71/842 1339/71/842
f 1342/71/843 1346/71/843 1344/71/843 1341/71/843
f 1341/71/844 1343/71/844 1356/71/844 1342/71/844
f 1333/71/845 1344/71/845 1345/71/845 1427/71/845
f 1344/71/846 1346/71/846 1347/71/846 1345/71/846
f 1346/71/847 1348/71/847 1349/71/847 1347/71/847
f 1351/71/848 1348/71/848 1346/71/848 1342/71/848
f 1348/71/849 1350/71/849 1403/71/849 1349/71/849
f 1352/71/850 1350/71/850 1348/71/850 1351/71/850
f 1352/71/851 1351/71/851 1353/71/851 1354/71/851
f 1342/71/852 1356/71/852 1353/71/852 1351/71/852
f 1354/71/853 1353/71/853 1355/71/853 1370/71/853
f 1356/71/854 1357/71/854 1355/71/854 1353/71/854
f 1343/71/855 1358/71/855 1357/71/855 1356/71/855
f 1358/71/856 1360/71/856 1359/71/856 1357/71/856
f 1357/71/857 1359/71/857 1361/71/857 1355/71/857
f 1364/71/858 1362/71/858 1359/71/858 1360/71/858
f 1362/71/859 1365/71/859 1361/71/859 1359/71/859
f 1363/71/860 1366/71/860 1365/71/860 1362/71/860
f 1431/71/861 1363/71/861 1362/71/861 1364/71/861
f 1366/71/862 1369/71/862 1367/71/862 1365/71/862
f 1365/71/863 1367/71/863 1370/71/863 1361/71/863
f 1368/71/864 1354/71/864 1370/71/864 1367/71/864
f 1371/71/865 1368/71/865 1367/71/865 1369/71/865
f 1370/71/866 1355/71/866 1361/71/866
f 1369/71/867 1372/71/867 1373/71/867 1371/71/867
f 1366/71/868 1375/71/868 1372/71/868 1369/71/868
f 1373/71/869 1372/71/869 1374/71/869 1389/71/869
f 1372/71/870 1375/71/870 1376/71/870 1374/71/870
f 1377/71/871 1378/71/871 1376/71/871 1375/71/871
f 1363/71/872 1377/71/872 1375/71/872 1366/71/872
f 1431/71/873 1139/71/873 1377/71/873 1363/71/873
f 1139/71/874 1141/71/874 1378/71/874 1377/71/874
f 1141/71/875 1143/71/875 1379/71/875 1378/71/875
f 1378/71/876 1379/71/876 1381/71/876 1376/71/876
f 1143/71/877 1145/71/877 1380/71/877 1379/71/877
f 1379/71/878 1380/71/878 1383/71/878 1381/71/878
f 1374/71/879 1376/71/879 1381/71/879 1382/71/879
f 1383/71/880 1382/71/880 1381/71/880
f 1384/71/881 1387/71/881 1382/71/881 1383/71/881
f 1386/71/882 1384/71/882 1383/71/882 1380/71/882
f 1385/71/883 1388/71/883 1387/71/883 1384/71/883
f 1430/71/884 1385/71/884 1384/71/884 1386/71/884
f 1390/71/885 1389/71/885 1387/71/885 1388/71/885
f 1389/71/886 1374/71/886 1382/71/886 1387/71/886
f 1391/71/887 1373/71/887 1389/71/887 1390/71/887
f 1390/71/888 1392/71/888 1393/71/888 1391/71/888
f 1388/71/889 1394/71/889 1392/71/889 1390/71/889
f 1393/71/890 1392/71/890 1174/71/890 1176/71/890
f 1392/71/891 1394/71/891 1172/71/891 1174/71/891
f 1394/71/892 1395/71/892 1396/71/892 1172/71/892
f 1385/71/893 1395/71/893 1394/71/893 1388/71/893
f 1153/71/894 1155/71/894 1396/71/894 1395/71/894
f 1430/71/895 1153/71/895 1395/71/895 1385/71/895
f 1155/71/896 1157/71/896 1170/71/896 1396/71/896
f 1397/71/897 1393/71/897 1176/71/897 1179/71/897
f 1398/71/898 1400/71/898 1391/71/898 1393/71/898 1397/71/898
f 1199/71/899 1201/71/899 1398/71/899 1397/71/899
f 1397/71/900 1179/71/900 1197/71/900 1199/71/900
f 1400/71/901 1398/71/901 1399/71/901 1401/71/901
f 1398/71/902 1201/71/902 1402/71/902 1399/71/902
f 1371/71/903 1373/71/903 1391/71/903 1400/71/903
f 1400/71/904 1401/71/904 1368/71/904 1371/71/904
f 1401/71/905 1352/71/905 1354/71/905 1368/71/905
f 1401/71/906 1399/71/906 1350/71/906 1352/71/906
f 1399/71/907 1402/71/907 1403/71/907 1350/71/907
f 1402/71/908 1202/71/908 1404/71/908 1403/71/908
f 1349/71/909 1403/71/909 1404/71/909 1405/71/909
f 1408/71/910 1405/71/910 1404/71/910 1406/71/910
f 1202/71/911 1204/71/911 1406/71/911 1404/71/911
f 1207/71/912 1407/71/912 1406/71/912 1204/71/912
f 1407/71/913 1410/71/913 1408/71/913 1406/71/913
f 1409/71/914 1429/71/914 1405/71/914 1408/71/914
f 1411/71/915 1409/71/915 1408/71/915 1410/71/915
f 1221/71/916 1411/71/916 1410/71/916 1219/71/916
f 1217/71/917 1219/71/917 1410/71/917 1407/71/917
f 1412/71/918 1413/71/918 1409/71/918 1411/71/918
f 1223/71/919 1412/71/919 1411/71/919 1221/71/919
f 1414/71/920 1412/71/920 1223/71/920 1225/71/920
f 1416/71/921 1413/71/921 1412/71/921 1414/71/921
f 1225/71/922 1227/71/922 1415/71/922 1414/71/922
f 1414/71/923 1415/71/923 1418/71/923 1416/71/923
f 1417/71/924 1428/71/924 1413/71/924 1416/71/924
f 1417/71/925 1416/71/925 1418/71/925 1419/71/925
f 1419/71/926 1418/71/926 1420/71/926 1421/71/926
f 1415/71/927 1422/71/927 1420/71/927 1418/71/927
f 1423/71/928 1425/71/928 1421/71/928 1420/71/928
f 1422/71/929 1424/71/929 1423/71/929 1420/71/929
f 1266/71/930 1268/71/930 1425/71/930 1423/71/930
f 1426/71/931 1266/71/931 1423/71/931 1424/71/931
f 1271/71/932 1329/71/932 1425/71/932 1268/71/932
f 1329/71/933 1331/71/933 1421/71/933 1425/71/933
f 1233/71/934 1426/71/934 1424/71/934 1231/71/934
f 1229/71/935 1231/71/935 1424/71/935 1422/71/935
f 1235/71/936 1265/71/936 1426/71/936 1233/71/936
f 1227/71/937 1229/71/937 1422/71/937 1415/71/937
f 1334/71/938 1419/71/938 1421/71/938 1331/71/938
f 1427/71/939 1417/71/939 1419/71/939 1334/71/939
f 1427/71/940 1345/71/940 1428/71/940 1417/71/940
f 1413/71/941 1428/71/941 1429/71/941 1409/71/941
f 1345/71/942 1347/71/942 1429/71/942 1428/71/942
f 1347/71/943 1349/71/943 1405/71/943 1429/71/943
f 1215/71/944 1217/71/944 1407/71/944 1207/71/944
f 1149/71/945 1430/71/945 1386/71/945 1147/71/945
f 1147/71/946 1386/71/946 1380/71/946 1145/71/946
f 1364/71/947 1432/71/947 1137/71/947 1431/71/947
f 1360/71/948 1434/71/948 1432/71/948 1364/71/948
f 1137/71/949 1432/71/949 1433/71/949 1135/71/949
f 1432/71/950 1434/71/950 1435/71/950 1433/71/950
f 1434/71/951 1436/71/951 1437/71/951 1435/71/951
f 1358/71/952 1436/71/952 1434/71/952 1360/71/952
f 1339/71/953 1439/71/953 1437/71/953 1436/71/953
f 1343/71/954 1339/71/954 1436/71/954 1358/71/954
f 1435/71/955 1437/71/955 1438/71/955 1447/71/955
f 1439/71/956 1440/71/956 1438/71/956 1437/71/956
f 1340/71/957 1441/71/957 1440/71/957 1439/71/957
f 1441/71/958 1444/71/958 1442/71/958 1440/71/958
f 1440/71/959 1442/71/959 1445/71/959 1438/71/959
f 1443/71/960 1446/71/960 1445/71/960 1442/71/960
f 1449/71/961 1443/71/961 1442/71/961 1444/71/961
f 1446/71/962 1448/71/962 1447/71/962 1445/71/962
f 1445/71/963 1447/71/963 1438/71/963
f 1433/71/964 1435/71/964 1447/71/964 1448/71/964
f 1135/71/965 1433/71/965 1448/71/965 1133/71/965
f 1131/71/966 1133/71/966 1448/71/966 1446/71/966
f 1129/71/967 1131/71/967 1446/71/967 1443/71/967
f 1444/71/968 1450/71/968 1315/71/968 1449/71/968
f 1441/71/969 1451/71/969 1450/71/969 1444/71/969
f 1450/71/970 1451/71/970 1321/71/970 1316/71/970
f 1337/71/971 1324/71/971 1321/71/971 1451/71/971
f 1340/71/972 1337/71/972 1451/71/972 1441/71/972
f 1449/71/973 1315/71/973 1313/71/973 1127/71/973
f 1127/71/974 1129/71/974 1443/71/974 1449/71/974
f 1294/71/975 1452/71/975 1252/71/975 1298/71/975
f 1292/71/976 1453/71/976 1452/71/976 1294/71/976
f 1452/71/977 1453/71/977 1258/71/977 1253/71/977
f 1274/71/978 1261/71/978 1258/71/978 1453/71/978
f 1277/71/979 1274/71/979 1453/71/979 1292/71/979
f 1212/71/980 1210/71/980 1455/71/980 1454/71/980
f 1454/71/981 1455/71/981 1188/71/981 1456/71/981
f 1456/71/982 1188/71/982 1186/71/982 1457/71/982
f 1457/71/983 1186/71/983 1184/71/983 1458/71/983
f 1184/71/440 1164/71/440 1162/71/440 1458/71/440
f 1210/71/984 1195/71/984 1189/71/984 1455/71/984
usemtl Blanc
f 5/1/1 4/2/1 1/2/1 2/1/1
f 4/2/1 6/3/1 3/3/1 1/2/1
f 8/1/1 7/2/1 4/2/1 5/1/1
f 7/2/1 9/3/1 6/3/1 4/2/1
f 11/1/1 10/2/1 7/2/1 8/1/1
f 10/2/1 12/3/1 9/3/1 7/2/1
f 14/1/1 13/2/1 10/2/1 11/1/1
f 13/2/1 15/3/1 12/3/1 10/2/1
f 17/1/1 16/2/1 13/2/1 14/1/1
f 16/2/1 18/3/1 15/3/1 13/2/1
f 21/4/2 19/5/2 16/2/2 17/1/2
f 19/5/3 22/6/3 18/3/3 16/2/3
f 22/6/4 19/5/4 20/7/4 23/8/4
f 64/9/5 20/7/5 19/5/5 21/4/5
f 24/10/6 22/6/6 23/8/6 25/11/6
f 22/6/7 24/10/7 27/12/7 18/3/7
f 26/13/8 24/10/8 25/11/8 74/14/8
f 24/10/9 26/13/9 28/15/9 27/12/9
f 18/3/1 27/12/1 29/12/1 15/3/1
f 27/12/1 28/15/1 30/15/1 29/12/1
f 15/3/1 29/12/1 31/12/1 12/3/1
f 29/12/1 30/15/1 32/15/1 31/12/1
f 12/3/1 31/12/1 33/12/1 9/3/1
f 31/12/1 32/15/1 34/15/1 33/12/1
f 9/3/1 33/12/1 35/12/1 6/3/1
f 33/12/1 34/15/1 36/15/1 35/12/1
f 6/3/1 35/12/1 37/12/1 3/3/1
f 35/12/1 36/15/1 38/15/1 37/12/1
f 36/15/1 41/16/1 39/16/1 38/15/1
f 41/16/1 42/17/1 40/17/1 39/16/1
f 34/15/1 43/16/1 41/16/1 36/15/1
f 43/16/1 44/17/1 42/17/1 41/16/1
f 32/15/1 45/16/1 43/16/1 34/15/1
f 45/16/1 46/17/1 44/17/1 43/16/1
f 30/15/1 47/16/1 45/16/1 32/15/1
f 47/16/1 48/17/1 46/17/1 45/16/1
f 28/15/1 49/16/1 47/16/1 30/15/1
f 49/16/1 50/17/1 48/17/1 47/16/1
f 26/13/10 51/18/10 49/16/10 28/15/10
f 51/18/11 53/19/11 50/17/11 49/16/11
f 53/19/12 51/18/12 52/20/12 54/21/12
f 51/18/13 26/13/13 74/14/13 52/20/13
f 55/22/14 53/19/14 54/21/14 56/23/14
f 53/19/15 55/22/15 57/24/15 50/17/15
f 21/4/16 55/22/16 56/23/16 64/9/16
f 55/22/17 21/4/17 17/1/17 57/24/17
f 50/17/1 57/24/1 58/24/1 48/17/1
f 57/24/1 17/1/1 14/1/1 58/24/1
f 48/17/1 58/24/1 59/24/1 46/17/1
f 58/24/1 14/1/1 11/1/1 59/24/1
f 46/17/1 59/24/1 60/24/1 44/17/1
f 59/24/1 11/1/1 8/1/1 60/24/1
f 44/17/1 60/24/1 61/24/1 42/17/1
f 60/24/1 8/1/1 5/1/1 61/24/1
f 42/17/1 61/24/1 62/24/1 40/17/1
f 61/24/1 5/1/1 2/1/1 62/24/1
f 56/23/18 54/21/18 78/25/18 63/26/18
f 64/9/19 56/23/19 63/26/19 65/27/19
f 65/27/20 67/28/20 20/7/20 64/9/20
f 65/27/21 63/26/21 81/29/21 66/30/21
f 66/30/22 68/31/22 67/28/22 65/27/22
f 69/32/23 67/28/23 68/31/23 70/33/23
f 23/8/24 20/7/24 67/28/24 69/32/24
f 25/11/25 23/8/25 69/32/25 71/34/25
f 71/34/26 69/32/26 70/33/26 72/35/26
f 74/14/27 25/11/27 71/34/27 73/36/27
f 73/36/28 71/34/28 72/35/28 75/37/28
f 52/20/29 74/14/29 73/36/29 76/38/29
f 76/38/30 73/36/30 75/37/30 77/39/30
f 54/21/31 52/20/31 76/38/31 78/25/31
f 78/25/32 76/38/32 77/39/32 79/40/32
f 63/26/33 78/25/33 79/40/33 81/29/33
f 79/40/34 77/39/34 88/41/34 80/42/34
f 81/29/35 79/40/35 80/42/35 82/43/35
f 66/30/36 81/29/36 82/43/36 83/44/36
f 86/45/1 85/46/1 84/47/1 83/44/1 82/43/1 80/42/1 88/41/1 87/48/1
f 83/44/37 84/47/37 68/31/37 66/30/37
f 70/33/38 68/31/38 84/47/38 85/46/38
f 72/35/39 70/33/39 85/46/39 86/45/39
f 75/37/40 72/35/40 86/45/40 87/48/40
f 77/39/41 75/37/41 87/48/41 88/41/41
f 511/204/126 513/205/126 1114/206/126 512/207/126
f 516/208/127 513/205/127 511/204/127 514/209/127
f 515/210/128 518/211/128 516/208/128 514/209/128
f 513/205/129 516/208/129 517/212/129 543/213/129
f 516/208/130 518/211/130 519/214/130 517/212/130
f 518/211/131 520/215/131 521/216/131 519/214/131
f 523/217/132 520/215/132 518/211/132 515/210/132
f 520/215/133 522/218/133 532/219/133 521/216/133
f 524/220/134 522/218/134 520/215/134 523/217/134
f 525/221/135 527/222/135 522/218/135 524/220/135
f 526/223/136 528/224/136 527/222/136 525/221/136
f 528/224/137 530/225/137 529/226/137 527/222/137
f 527/222/138 529/226/138 532/219/138 522/218/138
f 530/225/139 746/227/139 531/228/139 529/226/139
f 529/226/140 531/228/140 533/229/140 532/219/140
f 521/216/141 532/219/141 533/229/141 534/230/141
f 534/230/142 533/229/142 535/231/142
f 531/228/143 536/232/143 535/231/143 533/229/143
f 539/233/144 537/234/144 535/231/144 536/232/144
f 537/234/145 540/235/145 534/230/145 535/231/145
f 538/236/146 541/237/146 540/235/146 537/234/146
f 550/238/147 538/236/147 537/234/147 539/233/147
f 519/214/148 521/216/148 534/230/148 540/235/148
f 517/212/149 519/214/149 540/235/149 541/237/149
f 543/213/150 517/212/150 541/237/150 542/239/150
f 542/239/151 541/237/151 538/236/151 545/240/151
f 543/213/152 542/239/152 544/241/152 1113/242/152
f 542/239/153 545/240/153 546/243/153 544/241/153
f 547/244/154 549/245/154 546/243/154 545/240/154
f 545/240/155 538/236/155 550/238/155 547/244/155
f 547/244/156 550/238/156 551/246/156 548/247/156
f 548/247/157 1101/248/157 549/245/157 547/244/157
f 551/246/158 550/238/158 539/233/158 552/249/158
f 553/250/159 551/246/159 552/249/159 555/251/159
f 570/252/160 573/253/160 576/254/160 548/247/160 551/246/160 553/250/160 556/255/160 559/256/160 562/257/160 564/258/160 567/259/160
f 554/260/161 558/261/161 556/255/161 553/250/161
f 553/250/162 555/251/162 757/262/162 554/260/162
f 559/256/163 556/255/163 557/263/163 561/264/163
f 556/255/164 558/261/164 1073/265/164 557/263/164
f 560/266/165 563/267/165 562/257/165 559/256/165
f 559/256/166 561/264/166 1005/268/166 560/266/166
f 564/258/167 562/257/167 563/267/167 566/269/167
f 565/270/168 569/271/168 567/259/168 564/258/168
f 564/258/169 566/269/169 936/272/169 565/270/169
f 568/273/170 572/274/170 570/252/170 567/259/170
f 567/259/171 569/271/171 906/275/171 568/273/171
f 573/253/172 570/252/172 571/276/172 575/277/172
f 570/252/173 572/274/173 1032/278/173 571/276/173
f 576/254/174 573/253/174 574/279/174 578/280/174
f 573/253/175 575/277/175 588/281/175 574/279/175
f 577/282/176 1101/248/176 548/247/176 576/254/176
f 576/254/177 578/280/177 579/283/177 577/282/177
f 578/280/178 580/284/178 581/285/178 579/283/178
f 578/280/179 574/279/179 583/286/179 580/284/179
f 580/284/180 582/287/180 1122/288/180 581/285/180
f 580/284/181 583/286/181 584/289/181 582/287/181
f 584/289/182 583/286/182 585/290/182 586/291/182
f 574/279/183 588/281/183 585/290/183 583/286/183
f 586/291/184 585/290/184 587/292/184 599/293/184
f 588/281/185 589/294/185 587/292/185 585/290/185
f 575/277/186 590/295/186 589/294/186 588/281/186
f 590/295/187 593/296/187 591/297/187 589/294/187
f 589/294/188 591/297/188 594/298/188 587/292/188
f 592/299/189 595/300/189 594/298/189 591/297/189
f 1053/301/190 592/299/190 591/297/190 593/296/190
f 595/300/191 597/302/191 596/303/191 594/298/191
f 594/298/192 596/303/192 599/293/192 587/292/192
f 623/304/193 598/305/193 596/303/193 597/302/193
f 598/305/194 600/306/194 599/293/194 596/303/194
f 602/307/195 586/291/195 599/293/195 600/306/195
f 604/308/196 602/307/196 600/306/196 601/309/196
f 610/310/197 601/309/197 600/306/197 598/305/197
f 603/311/198 584/289/198 586/291/198 602/307/198
f 605/312/199 603/311/199 602/307/199 604/308/199
f 607/313/200 605/312/200 604/308/200 606/314/200
f 606/314/201 604/308/201 601/309/201 608/315/201
f 608/315/202 601/309/202 610/310/202 609/316/202
f 609/316/203 610/310/203 612/317/203 611/318/203
f 611/318/204 612/317/204 614/319/204 613/320/204
f 614/319/205 617/321/205 615/322/205 613/320/205
f 615/322/206 617/321/206 618/323/206 616/324/206
f 617/321/207 619/325/207 620/326/207 618/323/207
f 617/321/208 614/319/208 622/327/208 619/325/208
f 619/325/209 621/328/209 1074/329/209 620/326/209
f 619/325/210 622/327/210 624/330/210 621/328/210
f 614/319/211 612/317/211 623/304/211 622/327/211
f 622/327/212 623/304/212 597/302/212 624/330/212
f 621/328/213 624/330/213 625/331/213 627/332/213
f 625/331/214 624/330/214 597/302/214 595/300/214
f 627/332/215 625/331/215 626/333/215 629/334/215
f 626/333/216 625/331/216 595/300/216 592/299/216
f 621/328/217 627/332/217 628/335/217 1074/329/217
f 629/334/218 631/336/218 628/335/218 627/332/218
f 629/334/219 626/333/219 1052/337/219 630/338/219
f 630/338/220 632/339/220 631/336/220 629/334/220
f 632/339/221 634/340/221 633/341/221 631/336/221
f 631/336/222 633/341/222 636/342/222 628/335/222
f 634/340/223 658/343/223 635/344/223 633/341/223
f 633/341/224 635/344/224 638/345/224 636/342/224
f 1074/329/225 628/335/225 636/342/225 637/346/225
f 638/345/226 637/346/226 636/342/226
f 639/347/227 642/348/227 637/346/227 638/345/227
f 641/349/228 639/347/228 638/345/228 635/344/228
f 640/350/229 643/351/229 642/348/229 639/347/229
f 647/352/230 640/350/230 639/347/230 641/349/230
f 618/323/231 620/326/231 642/348/231 643/351/231
f 620/326/232 1074/329/232 637/346/232 642/348/232
f 644/353/233 643/351/233 640/350/233 645/354/233
f 616/324/234 618/323/234 643/351/234 644/353/234
f 645/354/235 640/350/235 647/352/235 646/355/235
f 646/355/236 647/352/236 649/356/236 648/357/236
f 649/356/237 652/358/237 650/359/237 648/357/237
f 650/359/238 652/358/238 653/360/238 651/361/238
f 652/358/239 654/362/239 655/363/239 653/360/239
f 652/358/240 649/356/240 657/364/240 654/362/240
f 654/362/241 656/365/241 659/366/241 655/363/241
f 654/362/242 657/364/242 658/343/242 656/365/242
f 649/356/243 647/352/243 641/349/243 657/364/243
f 657/364/244 641/349/244 635/344/244 658/343/244
f 656/365/245 658/343/245 634/340/245 660/367/245
f 656/365/246 660/367/246 661/368/246 659/366/246
f 662/369/247 664/370/247 661/368/247 660/367/247
f 660/367/248 634/340/248 632/339/248 662/369/248
f 662/369/249 632/339/249 630/338/249 663/371/249
f 663/371/250 665/372/250 664/370/250 662/369/250
f 665/372/251 667/373/251 666/374/251 664/370/251
f 664/370/252 666/374/252 669/375/252 661/368/252
f 667/373/253 691/376/253 668/377/253 666/374/253
f 666/374/254 668/377/254 671/378/254 669/375/254
f 659/366/255 661/368/255 669/375/255 670/379/255
f 671/378/256 670/379/256 669/375/256
f 672/380/257 675/381/257 670/379/257 671/378/257
f 674/382/258 672/380/258 671/378/258 668/377/258
f 673/383/259 676/384/259 675/381/259 672/380/259
f 680/385/260 673/383/260 672/380/260 674/382/260
f 653/360/261 655/363/261 675/381/261 676/384/261
f 655/363/262 659/366/262 670/379/262 675/381/262
f 677/386/263 676/384/263 673/383/263 678/387/263
f 651/361/264 653/360/264 676/384/264 677/386/264
f 678/387/265 673/383/265 680/385/265 679/388/265
f 679/388/266 680/385/266 682/389/266 681/390/266
f 682/389/267 685/391/267 683/392/267 681/390/267
f 683/392/268 685/391/268 686/393/268 684/394/268
f 685/391/269 687/395/269 688/396/269 686/393/269
f 690/397/270 687/395/270 685/391/270 682/389/270
f 687/395/271 689/398/271 692/399/271 688/396/271
f 691/376/272 689/398/272 687/395/272 690/397/272
f 682/389/273 680/385/273 674/382/273 690/397/273
f 690/397/274 674/382/274 668/377/274 691/376/274
f 667/373/275 693/400/275 689/398/275 691/376/275
f 689/398/276 693/400/276 694/401/276 692/399/276
f 695/402/277 697/403/277 694/401/277 693/400/277
f 665/372/278 695/402/278 693/400/278 667/373/278
f 663/371/279 696/404/279 695/402/279 665/372/279
f 696/404/280 698/405/280 697/403/280 695/402/280
f 698/405/281 700/406/281 699/407/281 697/403/281
f 697/403/282 699/407/282 702/408/282 694/401/282
f 700/406/283 724/409/283 701/410/283 699/407/283
f 699/407/284 701/410/284 704/411/284 702/408/284
f 692/399/285 694/401/285 702/408/285 703/412/285
f 704/411/286 703/412/286 702/408/286
f 705/413/287 708/414/287 703/412/287 704/411/287
f 707/415/288 705/413/288 704/411/288 701/410/288
f 706/416/289 709/417/289 708/414/289 705/413/289
f 713/418/290 706/416/290 705/413/290 707/415/290
f 686/393/291 688/396/291 708/414/291 709/417/291
f 688/396/292 692/399/292 703/412/292 708/414/292
f 710/419/293 709/417/293 706/416/293 711/420/293
f 684/394/294 686/393/294 709/417/294 710/419/294
f 711/420/295 706/416/295 713/418/295 712/421/295
f 712/421/296 713/418/296 715/422/296 714/423/296
f 715/422/297 718/424/297 716/425/297 714/423/297
f 716/425/298 718/424/298 719/426/298 717/427/298
f 718/424/299 720/428/299 721/429/299 719/426/299
f 718/424/300 715/422/300 723/430/300 720/428/300
f 720/428/301 722/431/301 725/432/301 721/429/301
f 720/428/302 723/430/302 724/409/302 722/431/302
f 715/422/303 713/418/303 707/415/303 723/430/303
f 723/430/304 707/415/304 701/410/304 724/409/304
f 722/431/305 724/409/305 700/406/305 726/433/305
f 722/431/306 726/433/306 727/434/306 725/432/306
f 728/435/307 730/436/307 727/434/307 726/433/307
f 726/433/308 700/406/308 698/405/308 728/435/308
f 728/435/309 698/405/309 696/404/309 729/437/309
f 729/437/310 731/438/310 730/436/310 728/435/310
f 731/438/311 733/439/311 732/440/311 730/436/311
f 730/436/312 732/440/312 735/441/312 727/434/312
f 733/439/313 758/442/313 734/443/313 732/440/313
f 732/440/314 734/443/314 737/444/314 735/441/314
f 725/432/315 727/434/315 735/441/315 736/445/315
f 739/446/316 736/445/316 735/441/316 737/444/316
f 757/262/317 738/447/317 737/444/317 734/443/317
f 738/447/318 741/448/318 739/446/318 737/444/318
f 740/449/319 756/450/319 736/445/319 739/446/319
f 742/451/320 740/449/320 739/446/320 741/448/320
f 744/452/321 742/451/321 741/448/321 743/453/321
f 745/454/322 743/453/322 741/448/322 738/447/322
f 743/453/323 746/227/323 530/225/323 744/452/323
f 745/454/324 747/455/324 746/227/324 743/453/324
f 746/227/325 747/455/325 536/232/325 531/228/325
f 552/249/326 539/233/326 536/232/326 747/455/326
f 555/251/327 552/249/327 747/455/327 745/454/327
f 555/251/328 745/454/328 738/447/328 757/262/328
f 744/452/329 530/225/329 528/224/329 748/456/329
f 748/456/330 749/457/330 742/451/330 744/452/330
f 751/458/331 749/457/331 748/456/331 750/459/331
f 748/456/332 528/224/332 526/223/332 750/459/332
f 752/460/333 754/461/333 749/457/333 751/458/333
f 753/462/334 755/463/334 754/461/334 752/460/334
f 749/457/335 754/461/335 740/449/335 742/451/335
f 754/461/336 755/463/336 756/450/336 740/449/336
f 719/426/337 721/429/337 756/450/337 755/463/337
f 717/427/338 719/426/338 755/463/338 753/462/338
f 721/429/339 725/432/339 736/445/339 756/450/339
f 554/260/340 757/262/340 734/443/340 758/442/340
f 733/439/341 761/464/341 759/465/341 758/442/341
f 758/442/342 759/465/342 558/261/342 554/260/342
f 558/261/343 759/465/343 760/466/343 1073/265/343
f 759/465/344 761/464/344 763/467/344 760/466/344
f 731/438/345 762/468/345 761/464/345 733/439/345
f 762/468/346 764/469/346 763/467/346 761/464/346
f 764/469/347 766/470/347 765/471/347 763/467/347
f 760/466/348 763/467/348 765/471/348 768/472/348
f 766/470/349 799/473/349 767/474/349 765/471/349
f 765/471/350 767/474/350 770/475/350 768/472/350
f 1073/265/351 760/466/351 768/472/351 769/476/351
f 772/477/352 769/476/352 768/472/352 770/475/352
f 774/478/353 772/477/353 770/475/353 771/479/353
f 1072/480/354 771/479/354 770/475/354 767/474/354
f 773/481/355 995/482/355 769/476/355 772/477/355
f 775/483/356 773/481/356 772/477/356 774/478/356
f 777/484/357 775/483/357 774/478/357 776/485/357
f 776/485/358 774/478/358 771/479/358 778/486/358
f 780/487/359 777/484/359 776/485/359 779/488/359
f 779/488/360 776/485/360 778/486/360 781/489/360
f 781/489/361 778/486/361 783/490/361 782/491/361
f 782/491/362 783/490/362 785/492/362 784/493/362
f 784/493/363 785/492/363 787/494/363 786/495/363
f 787/494/364 790/496/364 788/496/364 786/495/364
f 791/497/365 789/498/365 788/496/365 790/496/365
f 790/496/366 792/499/366 793/500/366 791/497/366
f 795/501/367 792/499/367 790/496/367 787/494/367
f 792/499/368 794/502/368 1070/503/368 793/500/368
f 797/504/369 794/502/369 792/499/369 795/501/369
f 787/494/370 785/492/370 796/505/370 795/501/370
f 795/501/371 796/505/371 799/473/371 797/504/371
f 798/506/372 801/507/372 794/502/372 797/504/372
f 798/506/373 797/504/373 799/473/373 766/470/373
f 796/505/374 1072/480/374 767/474/374 799/473/374
f 800/508/375 803/509/375 801/507/375 798/506/375
f 800/508/376 798/506/376 766/470/376 764/469/376
f 794/502/377 801/507/377 802/510/377 1070/503/377
f 803/509/378 805/511/378 802/510/378 801/507/378
f 1071/512/379 804/513/379 803/509/379 800/508/379
f 804/513/380 806/514/380 805/511/380 803/509/380
f 806/514/381 808/515/381 807/516/381 805/511/381
f 805/511/382 807/516/382 810/517/382 802/510/382
f 808/515/383 1069/518/383 809/519/383 807/516/383
f 807/516/384 809/519/384 812/520/384 810/517/384
f 1070/503/385 802/510/385 810/517/385 811/521/385
f 811/521/386 810/517/386 812/520/386
f 815/522/387 813/523/387 812/520/387 809/519/387
f 813/523/388 816/524/388 811/521/388 812/520/388
f 814/525/389 817/526/389 816/524/389 813/523/389
f 822/527/390 814/525/390 813/523/390 815/522/390
f 793/500/391 1070/503/391 811/521/391 816/524/391
f 791/497/392 793/500/392 816/524/392 817/526/392
f 817/526/393 818/528/393 789/498/393 791/497/393
f 814/525/394 819/529/394 818/528/394 817/526/394
f 822/527/395 820/530/395 819/529/395 814/525/395
f 823/531/396 821/531/396 820/530/396 822/527/396
f 823/531/397 822/527/397 815/522/397 824/532/397
f 825/533/398 823/531/398 824/532/398 827/534/398
f 823/531/399 825/533/399 828/535/399 821/531/399
f 828/535/400 825/533/400 826/536/400 829/537/400
f 825/533/401 827/534/401 1068/538/401 826/536/401
f 829/537/402 826/536/402 831/539/402 830/540/402
f 830/540/403 831/539/403 833/541/403 832/542/403
f 832/542/404 833/541/404 835/543/404 834/544/404
f 834/544/405 835/543/405 837/545/405 836/546/405
f 837/545/406 840/547/406 838/548/406 836/546/406
f 841/549/407 839/550/407 838/548/407 840/547/407
f 840/547/408 842/551/408 843/552/408 841/549/408
f 845/553/409 842/551/409 840/547/409 837/545/409
f 842/551/410 844/554/410 1055/555/410 843/552/410
f 847/556/411 844/554/411 842/551/411 845/553/411
f 837/545/412 835/543/412 846/557/412 845/553/412
f 845/553/413 846/557/413 848/558/413 847/556/413
f 849/559/414 847/556/414 848/558/414 851/560/414
f 849/559/415 852/561/415 844/554/415 847/556/415
f 850/562/416 854/563/416 852/561/416 849/559/416
f 850/562/417 849/559/417 851/560/417 1058/564/417
f 844/554/418 852/561/418 853/565/418 1055/555/418
f 854/563/419 856/566/419 853/565/419 852/561/419
f 1056/567/420 855/568/420 854/563/420 850/562/420
f 855/568/421 857/569/421 856/566/421 854/563/421
f 857/569/422 859/570/422 858/571/422 856/566/422
f 856/566/423 858/571/423 861/572/423 853/565/423
f 859/570/424 1054/573/424 860/574/424 858/571/424
f 858/571/425 860/574/425 863/575/425 861/572/425
f 1055/555/426 853/565/426 861/572/426 862/576/426
f 863/575/427 862/576/427 861/572/427
f 864/577/428 867/578/428 862/576/428 863/575/428
f 866/579/429 864/577/429 863/575/429 860/574/429
f 865/580/430 868/581/430 867/578/430 864/577/430
f 873/582/431 865/580/431 864/577/431 866/579/431
f 841/549/432 843/552/432 867/578/432 868/581/432
f 843/552/433 1055/555/433 862/576/433 867/578/433
f 865/580/434 870/583/434 869/584/434 868/581/434
f 868/581/435 869/584/435 839/550/435 841/549/435
f 873/582/436 871/585/436 870/583/436 865/580/436
f 874/586/437 872/587/437 871/585/437 873/582/437
f 874/586/438 873/582/438 866/579/438 875/588/438
f 876/589/439 874/586/439 875/588/439 878/590/439
f 874/586/440 876/589/440 879/591/440 872/587/440
f 879/591/441 876/589/441 877/592/441 880/593/441
f 876/589/442 878/590/442 1042/594/442 877/592/442
f 880/593/443 877/592/443 882/595/443 881/596/443
f 881/596/444 882/595/444 884/597/444 883/598/444
f 883/598/445 884/597/445 886/599/445 885/600/445
f 885/600/446 886/599/446 888/601/446 887/602/446
f 888/601/447 891/603/447 889/604/447 887/602/447
f 889/604/448 891/603/448 892/605/448 890/606/448
f 891/603/449 893/607/449 894/608/449 892/605/449
f 891/603/450 888/601/450 896/609/450 893/607/450
f 893/607/451 895/610/451 904/611/451 894/608/451
f 893/607/452 896/609/452 898/612/452 895/610/452
f 888/601/453 886/599/453 897/613/453 896/609/453
f 896/609/454 897/613/454 899/614/454 898/612/454
f 900/615/455 898/612/455 899/614/455 901/616/455
f 895/610/456 898/612/456 900/615/456 902/617/456
f 902/617/457 900/615/457 572/274/457 568/273/457
f 572/274/458 900/615/458 901/616/458 1032/278/458
f 895/610/459 902/617/459 903/618/459 904/611/459
f 568/273/460 906/275/460 903/618/460 902/617/460
f 904/611/461 903/618/461 905/619/461 919/620/461
f 906/275/462 907/621/462 905/619/462 903/618/462
f 569/271/463 908/622/463 907/621/463 906/275/463
f 908/622/464 910/623/464 909/624/464 907/621/464
f 907/621/465 909/624/465 911/625/465 905/619/465
f 914/626/466 912/627/466 909/624/466 910/623/466
f 912/627/467 915/628/467 911/625/467 909/624/467
f 913/629/468 916/630/468 915/628/468 912/627/468
f 924/631/469 913/629/469 912/627/469 914/626/469
f 916/630/470 918/632/470 917/633/470 915/628/470
f 915/628/471 917/633/471 919/620/471 911/625/471
f 894/608/472 904/611/472 919/620/472 917/633/472
f 892/605/473 894/608/473 917/633/473 918/632/473
f 919/620/474 905/619/474 911/625/474
f 890/606/475 892/605/475 918/632/475 920/634/475
f 920/634/476 918/632/476 916/630/476 921/635/476
f 921/635/477 916/630/477 913/629/477 922/636/477
f 922/636/478 913/629/478 924/631/478 923/631/478
f 924/631/479 927/637/479 925/638/479 923/631/479
f 925/638/480 927/637/480 928/639/480 926/640/480
f 927/637/481 929/641/481 930/642/481 928/639/481
f 927/637/482 924/631/482 914/626/482 929/641/482
f 929/641/483 931/643/483 932/644/483 930/642/483
f 929/641/484 914/626/484 910/623/484 931/643/484
f 931/643/485 933/645/485 934/646/485 932/644/485
f 931/643/486 910/623/486 908/622/486 933/645/486
f 565/270/487 936/272/487 934/646/487 933/645/487
f 933/645/488 908/622/488 569/271/488 565/270/488
f 932/644/489 934/646/489 935/647/489 950/648/489
f 936/272/490 937/649/490 935/647/490 934/646/490
f 566/269/491 938/650/491 937/649/491 936/272/491
f 938/650/492 941/71/492 939/71/492 937/649/492
f 937/649/493 939/71/493 942/71/493 935/647/493
f 940/71/494 943/71/494 942/71/494 939/71/494
f 1013/71/495 940/71/495 939/71/495 941/71/495
f 943/71/496 945/651/496 944/652/496 942/71/496
f 942/71/497 944/652/497 947/653/497 950/648/497 935/647/497
f 1028/654/498 946/655/498 944/652/498 945/651/498
f 946/655/499 948/656/499 947/653/499 944/652/499
f 968/657/500 949/658/500 947/653/500 948/656/500
f 949/658/501 951/659/501 950/648/501 947/653/501
f 930/642/502 932/644/502 950/648/502 951/659/502
f 928/639/503 930/642/503 951/659/503 952/660/503
f 953/661/504 952/660/504 951/659/504 949/658/504
f 954/662/505 952/660/505 953/661/505 955/663/505
f 926/640/506 928/639/506 952/660/506 954/662/506
f 955/663/507 953/661/507 957/664/507 956/665/507
f 956/665/508 957/664/508 959/666/508 958/667/508
f 959/666/509 962/668/509 960/669/509 958/667/509
f 963/670/510 961/671/510 960/669/510 962/668/510
f 962/668/511 964/672/511 965/673/511 963/670/511
f 967/674/512 964/672/512 962/668/512 959/666/512
f 964/672/513 966/675/513 1031/676/513 965/673/513
f 969/677/509 966/675/509 964/672/509 967/674/509
f 959/666/514 957/664/514 968/657/514 967/674/514
f 967/674/515 968/657/515 948/656/515 969/677/515
f 970/678/512 972/679/512 966/675/512 969/677/512
f 970/678/516 969/677/516 948/656/516 946/655/516
f 971/680/509 974/681/509 972/679/509 970/678/509
f 971/680/517 970/678/517 946/655/517 1028/654/517
f 966/675/518 972/679/518 973/682/518 1031/676/518
f 974/681/519 976/683/519 973/682/519 972/679/519
f 1027/684/509 975/685/509 974/681/509 971/680/509
f 975/685/520 977/686/520 976/683/520 974/681/520
f 977/686/521 979/687/521 978/688/521 976/683/521
f 976/683/522 978/688/522 981/689/522 973/682/522
f 979/687/523 1021/687/523 980/71/523 978/688/523
f 978/688/524 980/71/524 983/71/524 981/689/524
f 1031/676/525 973/682/525 981/689/525 982/690/525
f 988/691/526 982/690/526 981/689/526 983/71/526 985/692/526
f 1020/71/527 984/71/527 983/71/527 980/71/527
f 984/71/528 986/693/528 985/692/528 983/71/528
f 1005/268/529 987/694/529 985/692/529 986/693/529
f 987/694/530 990/695/530 988/691/530 985/692/530
f 989/696/531 1004/697/531 982/690/531 988/691/531
f 991/698/532 989/696/532 988/691/532 990/695/532
f 993/699/533 991/698/533 990/695/533 992/700/533
f 994/701/534 992/700/534 990/695/534 987/694/534
f 992/700/535 773/481/535 775/483/535 993/699/535
f 994/701/536 995/482/536 773/481/536 992/700/536
f 561/264/537 557/263/537 995/482/537 994/701/537
f 561/264/538 994/701/538 987/694/538 1005/268/538
f 557/263/539 1073/265/539 769/476/539 995/482/539
f 993/699/540 775/483/540 777/484/540 996/702/540
f 996/702/541 997/703/541 991/698/541 993/699/541
f 996/702/542 998/702/542 999/704/542 997/703/542
f 996/702/543 777/484/543 780/487/543 998/702/543
f 997/703/544 999/704/544 1000/705/544 1001/706/544
f 1001/706/545 1000/705/545 1002/707/545 1003/708/545
f 1003/708/546 1002/707/546 961/671/546 963/670/546
f 1001/706/547 1003/708/547 1004/697/547 989/696/547
f 963/670/548 965/673/548 1004/697/548 1003/708/548
f 965/673/549 1031/676/549 982/690/549 1004/697/549
f 997/703/550 1001/706/550 989/696/550 991/698/550
f 560/266/551 1005/268/551 986/693/551 1006/709/551
f 1007/71/552 1006/709/552 986/693/552 984/71/552
f 1007/71/553 1009/71/553 1008/710/553 1006/709/553
f 1006/709/554 1008/710/554 563/267/554 560/266/554
f 938/650/555 1008/710/555 1009/71/555 941/71/555
f 566/269/556 563/267/556 1008/710/556 938/650/556
f 941/71/557 1009/71/557 1010/71/557 1013/71/557
f 1012/71/558 1010/71/558 1009/71/558 1007/71/558
f 1013/71/559 1010/71/559 1011/711/559 1014/712/559
f 1018/687/560 1011/711/560 1010/71/560 1012/71/560
f 1014/712/561 1015/71/561 940/71/561 1013/71/561
f 1017/71/562 1015/71/562 1014/712/562 1016/711/562
f 1016/711/399 1014/712/399 1011/711/399 1018/687/399
f 1016/711/563 1018/687/563 1019/713/563 1017/71/563
f 1018/687/564 1012/71/564 1020/71/564 1019/713/564
f 1019/713/565 1020/71/565 980/71/565 1021/687/565
f 1017/71/563 1019/713/563 1021/687/563 1022/71/563
f 1022/71/566 1021/687/566 979/687/566 1023/714/566
f 1022/71/562 1024/71/562 1015/71/562 1017/71/562
f 1023/714/562 1025/715/562 1024/71/562 1022/71/562
f 1015/71/567 1024/71/567 943/71/567 940/71/567
f 1024/71/568 1025/715/568 945/651/568 943/71/568
f 1026/716/569 1028/654/569 945/651/569 1025/715/569
f 1029/717/562 1026/716/562 1025/715/562 1023/714/562
f 1030/718/562 1027/684/562 1026/716/562 1029/717/562
f 1027/684/570 971/680/570 1028/654/570 1026/716/570
f 1023/714/562 979/687/562 977/686/562 1029/717/562
f 1029/717/571 977/686/571 975/685/571 1030/718/571
f 1027/684/509 1030/718/509 975/685/509
f 1012/71/572 1007/71/572 984/71/572 1020/71/572
f 957/664/573 953/661/573 949/658/573 968/657/573
f 1032/278/574 901/616/574 1033/719/574 1034/720/574
f 901/616/575 899/614/575 1036/721/575 1033/719/575
f 1048/722/576 1034/720/576 1033/719/576 1035/723/576
f 1036/721/577 1038/724/577 1035/723/577 1033/719/577
f 1037/725/578 1039/726/578 1038/724/578 1036/721/578
f 897/613/579 1037/725/579 1036/721/579 899/614/579
f 1042/594/580 1040/727/580 1038/724/580 1039/726/580
f 1040/727/581 1043/728/581 1035/723/581 1038/724/581
f 1041/729/582 1044/730/582 1043/728/582 1040/727/582
f 878/590/583 1041/729/583 1040/727/583 1042/594/583
f 1047/731/584 1045/732/584 1043/728/584 1044/730/584
f 1045/732/585 1048/722/585 1035/723/585 1043/728/585
f 1046/733/586 1049/734/586 1048/722/586 1045/732/586
f 1051/735/587 1046/733/587 1045/732/587 1047/731/587
f 1049/734/588 1050/736/588 1034/720/588 1048/722/588
f 593/296/589 1049/734/589 1046/733/589 1053/301/589
f 590/295/590 1050/736/590 1049/734/590 593/296/590
f 571/276/591 1032/278/591 1034/720/591 1050/736/591
f 575/277/592 571/276/592 1050/736/592 590/295/592
f 1047/731/593 857/569/593 855/568/593 1051/735/593
f 1044/730/594 859/570/594 857/569/594 1047/731/594
f 1053/301/595 1046/733/595 1051/735/595 1052/337/595
f 1071/512/596 729/437/596 696/404/596 663/371/596 630/338/596 1052/337/596 1051/735/596 855/568/596 1056/567/596 804/513/596
f 1052/337/597 626/333/597 592/299/597 1053/301/597
f 1041/729/598 1054/573/598 859/570/598 1044/730/598
f 877/592/599 1042/594/599 1039/726/599 882/595/599
f 878/590/600 875/588/600 1054/573/600 1041/729/600
f 875/588/601 866/579/601 860/574/601 1054/573/601
f 884/597/602 882/595/602 1039/726/602 1037/725/602
f 886/599/603 884/597/603 1037/725/603 897/613/603
f 1057/737/604 806/514/604 804/513/604 1056/567/604
f 1056/567/605 850/562/605 1058/564/605 1057/737/605
f 1057/737/606 1058/564/606 1061/738/606 1059/739/606
f 1059/739/607 808/515/607 806/514/607 1057/737/607
f 1060/740/608 1069/518/608 808/515/608 1059/739/608
f 1060/740/609 1059/739/609 1061/738/609 1062/741/609
f 1062/741/610 1061/738/610 1063/742/610 1064/743/610
f 1058/564/611 851/560/611 1063/742/611 1061/738/611
f 1065/744/612 1064/743/612 1063/742/612
f 851/560/613 848/558/613 1065/744/613 1063/742/613
f 1066/745/614 1067/746/614 1064/743/614 1065/744/614
f 846/557/615 1066/745/615 1065/744/615 848/558/615
f 833/541/616 831/539/616 1067/746/616 1066/745/616
f 835/543/617 833/541/617 1066/745/617 846/557/617
f 826/536/618 1068/538/618 1067/746/618 831/539/618
f 1068/538/619 1062/741/619 1064/743/619 1067/746/619
f 827/534/620 1060/740/620 1062/741/620 1068/538/620
f 827/534/621 824/532/621 1069/518/621 1060/740/621
f 824/532/622 815/522/622 809/519/622 1069/518/622
f 729/437/623 1071/512/623 762/468/623 731/438/623
f 1071/512/624 800/508/624 764/469/624 762/468/624
f 785/492/625 783/490/625 1072/480/625 796/505/625
f 783/490/626 778/486/626 771/479/626 1072/480/626
f 612/317/627 610/310/627 598/305/627 623/304/627
f 1077/747/628 605/312/628 607/313/628 1075/748/628
f 1076/749/629 1079/750/629 1077/747/629 1075/748/629
f 1078/751/630 603/311/630 605/312/630 1077/747/630
f 1077/747/631 1079/750/631 1080/752/631 1078/751/631
f 1079/750/632 1081/753/632 1082/754/632 1080/752/632
f 1084/755/633 1081/753/633 1079/750/633 1076/749/633
f 1081/753/634 1083/756/634 1093/757/634 1082/754/634
f 1085/758/635 1083/756/635 1081/753/635 1084/755/635
f 1086/759/636 1088/760/636 1083/756/636 1085/758/636
f 1087/761/637 1089/762/637 1088/760/637 1086/759/637
f 1089/762/638 1091/763/638 1090/764/638 1088/760/638
f 1088/760/639 1090/764/639 1093/757/639 1083/756/639
f 1091/763/640 1099/765/640 1092/766/640 1090/764/640
f 1090/764/641 1092/766/641 1094/767/641 1093/757/641
f 1082/754/642 1093/757/642 1094/767/642 1095/768/642
f 1095/768/643 1094/767/643 1096/769/643
f 1092/766/644 1097/770/644 1096/769/644 1094/767/644
f 579/283/645 581/285/645 1096/769/645 1097/770/645
f 581/285/646 1122/288/646 1095/768/646 1096/769/646
f 577/282/647 579/283/647 1097/770/647 1098/771/647
f 1099/765/648 1098/771/648 1097/770/648 1092/766/648
f 1099/765/649 1103/772/649 1100/773/649 1098/771/649
f 1098/771/650 1100/773/650 1101/248/650 577/282/650
f 1101/248/651 1100/773/651 1102/774/651 549/245/651
f 1100/773/652 1103/772/652 1105/775/652 1102/774/652
f 1091/763/653 1104/776/653 1103/772/653 1099/765/653
f 1104/776/654 1106/777/654 1105/775/654 1103/772/654
f 1106/777/655 1108/778/655 1107/779/655 1105/775/655
f 1102/774/656 1105/775/656 1107/779/656 1110/780/656
f 1108/778/657 1111/781/657 1109/782/657 1107/779/657
f 1107/779/658 1109/782/658 1110/780/658
f 549/245/659 1102/774/659 1110/780/659 546/243/659
f 544/241/660 546/243/660 1110/780/660 1109/782/660
f 1113/242/661 544/241/661 1109/782/661 1111/781/661
f 1114/206/662 1113/242/662 1111/781/662 1112/783/662
f 1115/784/663 1112/783/663 1111/781/663 1108/778/663
f 513/205/664 543/213/664 1113/242/664 1114/206/664
f 512/207/665 1114/206/665 1112/783/665 1116/785/665
f 1116/785/666 1112/783/666 1115/784/666 1117/786/666
f 1117/786/667 1115/784/667 1119/787/667 1118/788/667
f 1118/788/668 1119/787/668 1121/789/668 1120/790/668
f 1121/789/669 1089/762/669 1087/761/669 1120/790/669
f 1089/762/670 1121/789/670 1104/776/670 1091/763/670
f 1121/789/671 1119/787/671 1106/777/671 1104/776/671
f 1119/787/672 1115/784/672 1108/778/672 1106/777/672
f 1080/752/673 1082/754/673 1095/768/673 1122/288/673
f 1078/751/674 1080/752/674 1122/288/674 582/287/674
f 582/287/675 584/289/675 603/311/675 1078/751/675
