# Blender 5.1.2
# www.blender.org
mtllib seekurjr_wheel.mtl
o seekurjr_wheel
v -0.094987 0.072013 -0.064664
v -0.124129 0.072013 -0.109856
v -0.134157 0.072013 -0.097370
v -0.140151 0.072013 -0.088533
v -0.103571 0.072013 -0.049796
v -0.084283 0.072013 -0.078087
v -0.071698 0.072013 -0.089764
v -0.105718 0.072013 -0.127653
v -0.112177 0.070299 -0.137253
v -0.088702 0.070299 -0.153457
v -0.082943 0.072013 -0.143483
v -0.057513 0.072013 -0.099435
v -0.070643 0.072013 -0.149913
v -0.062931 0.070299 -0.165685
v -0.035532 0.070299 -0.173621
v -0.093897 0.065326 -0.162455
v -0.066615 0.065326 -0.175400
v -0.098020 0.057580 -0.169595
v -0.069539 0.057580 -0.183110
v -0.037611 0.065326 -0.183801
v -0.039260 0.057580 -0.191880
v -0.007634 0.065326 -0.187441
v -0.007216 0.070299 -0.177060
v -0.006752 0.072013 -0.165552
v 0.021286 0.070299 -0.175911
v -0.031133 0.072013 -0.162751
v -0.033229 0.072013 -0.162337
v -0.025639 0.072013 -0.111945
v -0.008663 0.072013 -0.114503
v 0.008506 0.072013 -0.114503
v 0.010328 0.072013 -0.165359
v 0.046030 0.072013 -0.159143
v 0.049235 0.070299 -0.170205
v 0.052125 0.065326 -0.180185
v 0.075906 0.070299 -0.160090
v 0.022539 0.065326 -0.186225
v 0.051135 0.072013 -0.157575
v 0.041887 0.072013 -0.106884
v 0.025482 0.072013 -0.111945
v 0.070968 0.072013 -0.149685
v 0.057355 0.072013 -0.099435
v 0.088724 0.072013 -0.139887
v 0.100609 0.070299 -0.145828
v 0.080360 0.065326 -0.169477
v 0.122705 0.070299 -0.127787
v 0.106511 0.065326 -0.154379
v 0.111195 0.057580 -0.161164
v 0.129902 0.065326 -0.135281
v 0.083895 0.057580 -0.176926
v 0.086164 0.047819 -0.181709
v 0.055892 0.047819 -0.193190
v 0.054419 0.057580 -0.188105
v 0.023532 0.057580 -0.194410
v 0.024170 0.047819 -0.199666
v -0.008179 0.047819 -0.200969
v 0.045093 0.036999 -0.197867
v 0.024390 0.036999 -0.201477
v -0.000079 0.036999 -0.202957
v 0.024390 -0.041532 -0.201477
v 0.045093 -0.041532 -0.197867
v 0.056400 -0.041532 -0.194942
v 0.055892 -0.052352 -0.193190
v 0.054419 -0.062112 -0.188105
v 0.086164 -0.052352 -0.181709
v 0.023532 -0.062112 -0.194410
v 0.024170 -0.052352 -0.199666
v -0.007966 -0.062112 -0.195680
v -0.008179 -0.052352 -0.200969
v -0.000079 -0.041532 -0.202957
v -0.008253 -0.041532 -0.202792
v -0.008253 0.036999 -0.202792
v -0.045250 0.036999 -0.197867
v -0.040319 0.047819 -0.197067
v -0.007966 0.057580 -0.195680
v -0.071417 0.047819 -0.188059
v -0.100667 0.047819 -0.174180
v -0.072063 0.036999 -0.189765
v -0.088157 0.036999 -0.182853
v -0.072063 -0.041532 -0.189765
v -0.045250 -0.041532 -0.197867
v -0.040319 -0.052352 -0.197067
v -0.039260 -0.062112 -0.191880
v -0.069539 -0.062112 -0.183110
v -0.071417 -0.052352 -0.188059
v -0.088157 -0.041532 -0.182853
v -0.098020 -0.062112 -0.169595
v -0.100667 -0.052352 -0.174180
v -0.101579 -0.041532 -0.175760
v -0.123963 -0.062112 -0.151688
v -0.127311 -0.052352 -0.155788
v -0.126647 -0.041532 -0.158668
v -0.126647 0.036999 -0.158668
v -0.152026 0.036999 -0.134571
v -0.152026 -0.041532 -0.134571
v -0.158790 0.036999 -0.126525
v -0.158790 -0.041532 -0.126525
v -0.150661 -0.052352 -0.133361
v -0.146698 -0.062112 -0.129850
v -0.165636 -0.062112 -0.104649
v -0.170110 -0.052352 -0.107478
v -0.171652 -0.041532 -0.108453
v -0.182975 0.036999 -0.088035
v -0.182975 -0.041532 -0.088035
v -0.171652 0.036999 -0.108453
v -0.170110 0.047819 -0.107478
v -0.185156 0.047819 -0.078811
v -0.186834 0.036999 -0.079526
v -0.195409 0.047819 -0.048101
v -0.180286 0.057580 -0.076736
v -0.165636 0.057580 -0.104649
v -0.146698 0.057580 -0.129850
v -0.158667 0.065326 -0.100242
v -0.140527 0.065326 -0.124383
v -0.118748 0.065326 -0.145301
v -0.132750 0.070299 -0.117493
v -0.149886 0.070299 -0.094689
v -0.163142 0.070299 -0.069431
v -0.172700 0.065326 -0.073504
v -0.154170 0.072013 -0.060966
v -0.160992 0.072013 -0.039618
v -0.109843 0.072013 -0.033815
v -0.113664 0.072013 -0.017077
v -0.164501 0.072013 -0.020728
v -0.114947 0.072013 0.000043
v -0.165271 0.072013 -0.013292
v -0.113664 0.072013 0.017164
v -0.164501 0.072013 0.020815
v -0.109843 0.072013 0.033901
v -0.154170 0.072013 0.061052
v -0.160992 0.072013 0.039705
v -0.103571 0.072013 0.049883
v -0.094987 0.072013 0.064751
v -0.152546 0.072013 0.065004
v -0.134157 0.072013 0.097457
v -0.163142 0.070299 0.069518
v -0.172700 0.065326 0.073591
v -0.172175 0.070299 0.042461
v -0.158667 0.065326 0.100329
v -0.149886 0.070299 0.094776
v -0.132750 0.070299 0.117580
v -0.124129 0.072013 0.109942
v -0.140527 0.065326 0.124469
v -0.146698 0.057580 0.129937
v -0.123963 0.057580 0.151774
v -0.118748 0.065326 0.145388
v -0.098020 0.057580 0.169682
v -0.112177 0.070299 0.137339
v -0.093897 0.065326 0.162541
v -0.069539 0.057580 0.183196
v -0.066615 0.065326 0.175487
v -0.088702 0.070299 0.153543
v -0.058847 0.072013 0.155003
v -0.062931 0.070299 0.165772
v -0.070643 0.072013 0.150000
v -0.057513 0.072013 0.099522
v -0.042045 0.072013 0.106971
v -0.104893 0.072013 0.128418
v -0.071698 0.072013 0.089851
v -0.105718 0.072013 0.127740
v -0.084283 0.072013 0.078173
v -0.025639 0.072013 0.112031
v -0.031133 0.072013 0.162837
v -0.008663 0.072013 0.114590
v 0.008506 0.072013 0.114590
v -0.006752 0.072013 0.165638
v 0.010328 0.072013 0.165446
v -0.007216 0.070299 0.177146
v -0.035532 0.070299 0.173708
v -0.007634 0.065326 0.187528
v -0.037611 0.065326 0.183888
v -0.007966 0.057580 0.195766
v -0.039260 0.057580 0.191967
v -0.040319 0.047819 0.197154
v -0.008179 0.047819 0.201056
v -0.045250 0.036999 0.197954
v -0.008253 0.036999 0.202879
v -0.000079 0.036999 0.203043
v 0.024170 0.047819 0.199752
v 0.024390 0.036999 0.201563
v 0.055892 0.047819 0.193276
v 0.023532 0.057580 0.194497
v 0.022539 0.065326 0.186312
v 0.054419 0.057580 0.188192
v 0.086164 0.047819 0.181796
v 0.083895 0.057580 0.177013
v 0.052125 0.065326 0.180272
v 0.080360 0.065326 0.169564
v 0.021286 0.070299 0.175998
v 0.049235 0.070299 0.170292
v 0.075906 0.070299 0.160177
v 0.051135 0.072013 0.157661
v 0.070968 0.072013 0.149772
v 0.041887 0.072013 0.106971
v 0.057355 0.072013 0.099522
v 0.088724 0.072013 0.139973
v 0.071540 0.072013 0.089851
v 0.094066 0.072013 0.136436
v 0.100609 0.070299 0.145914
v 0.129902 0.065326 0.135367
v 0.122705 0.070299 0.127874
v 0.106511 0.065326 0.154465
v 0.120733 0.072013 0.113493
v 0.084126 0.072013 0.078173
v 0.094830 0.072013 0.064751
v 0.132413 0.072013 0.099604
v 0.145151 0.072013 0.079884
v 0.141620 0.070299 0.106523
v 0.149926 0.065326 0.112765
v 0.166065 0.065326 0.087242
v 0.156866 0.070299 0.082414
v 0.177901 0.065326 0.059462
v 0.168046 0.070299 0.056172
v 0.146668 0.072013 0.077062
v 0.160444 0.072013 0.041259
v 0.109686 0.072013 0.033901
v 0.113506 0.072013 0.017164
v 0.163505 0.072013 0.026628
v 0.114789 0.072013 0.000043
v 0.165651 0.072013 0.000043
v 0.177168 0.070299 0.000043
v 0.174873 0.070299 0.028476
v 0.185128 0.065326 0.030142
v 0.187558 0.065326 0.000043
v 0.195803 0.057580 0.000043
v 0.193267 0.057580 -0.031378
v 0.185128 0.065326 -0.030056
v 0.174873 0.070299 -0.028389
v 0.185723 0.057580 -0.061986
v 0.177901 0.065326 -0.059375
v 0.173366 0.057580 -0.090988
v 0.166065 0.065326 -0.087156
v 0.168046 0.070299 -0.056085
v 0.156866 0.070299 -0.082327
v 0.160444 0.072013 -0.041172
v 0.157122 0.072013 -0.052438
v 0.145151 0.072013 -0.079797
v 0.132413 0.072013 -0.099517
v 0.103414 0.072013 -0.049796
v 0.094830 0.072013 -0.064664
v 0.084126 0.072013 -0.078087
v 0.071540 0.072013 -0.089764
v 0.120733 0.072013 -0.113406
v 0.114726 0.072013 -0.119481
v 0.141620 0.070299 -0.106436
v 0.149926 0.065326 -0.112678
v 0.156518 0.057580 -0.117631
v 0.135614 0.057580 -0.141227
v 0.114202 0.047819 -0.165521
v 0.139281 0.047819 -0.145045
v 0.160750 0.047819 -0.120812
v 0.158633 0.036999 -0.126525
v 0.140544 0.036999 -0.146361
v 0.126490 0.036999 -0.158668
v 0.140544 -0.041532 -0.146361
v 0.158633 -0.041532 -0.126525
v 0.179669 -0.041532 -0.094295
v 0.178054 -0.052352 -0.093448
v 0.160750 -0.052352 -0.120812
v 0.156518 -0.062112 -0.117631
v 0.135614 -0.062112 -0.141227
v 0.139281 -0.052352 -0.145045
v 0.126490 -0.041532 -0.158668
v 0.111195 -0.062112 -0.161164
v 0.114202 -0.052352 -0.165521
v 0.088000 -0.041532 -0.182853
v 0.115239 -0.041532 -0.167022
v 0.083895 -0.062112 -0.176926
v 0.052125 -0.069858 -0.180185
v 0.080360 -0.069858 -0.169477
v 0.106511 -0.069858 -0.154379
v 0.049235 -0.074832 -0.170205
v 0.075906 -0.074832 -0.160090
v 0.088724 -0.076545 -0.139887
v 0.070968 -0.076545 -0.149685
v 0.100609 -0.074832 -0.145828
v 0.114726 -0.076545 -0.119481
v 0.122705 -0.074832 -0.127787
v 0.129902 -0.069858 -0.135281
v 0.149926 -0.069858 -0.112678
v 0.141620 -0.074832 -0.106436
v 0.173366 -0.062112 -0.090988
v 0.166065 -0.069858 -0.087156
v 0.156866 -0.074832 -0.082327
v 0.177901 -0.069858 -0.059375
v 0.185723 -0.062112 -0.061986
v 0.193267 -0.062112 -0.031378
v 0.198492 -0.052352 -0.032228
v 0.190744 -0.052352 -0.063663
v 0.192474 -0.041532 -0.064240
v 0.182818 -0.041532 -0.088035
v 0.179669 0.036999 -0.094295
v 0.182818 0.036999 -0.088035
v 0.192474 0.036999 -0.064240
v 0.178054 0.047819 -0.093448
v 0.190744 0.047819 -0.063663
v 0.197832 0.036999 -0.045128
v 0.198492 0.047819 -0.032228
v 0.200293 0.036999 -0.032520
v 0.201097 0.047819 0.000043
v 0.198492 0.047819 0.032314
v 0.202921 0.036999 0.000043
v 0.193267 0.057580 0.031465
v 0.185723 0.057580 0.062073
v 0.190744 0.047819 0.063749
v 0.173366 0.057580 0.091074
v 0.156518 0.057580 0.117718
v 0.178054 0.047819 0.093534
v 0.158633 0.036999 0.126612
v 0.179669 0.036999 0.094382
v 0.160750 0.047819 0.120898
v 0.182818 0.036999 0.088122
v 0.192474 0.036999 0.064327
v 0.182818 -0.041532 0.088122
v 0.179669 -0.041532 0.094382
v 0.158633 -0.041532 0.126612
v 0.178054 -0.052352 0.093534
v 0.160750 -0.052352 0.120898
v 0.173366 -0.062112 0.091074
v 0.156518 -0.062112 0.117718
v 0.139281 -0.052352 0.145132
v 0.140544 -0.041532 0.146447
v 0.135614 -0.062112 0.141314
v 0.114202 -0.052352 0.165608
v 0.126490 -0.041532 0.158755
v 0.115239 -0.041532 0.167109
v 0.111195 -0.062112 0.161251
v 0.086164 -0.052352 0.181796
v 0.055892 -0.052352 0.193276
v 0.088000 -0.041532 0.182940
v 0.083895 -0.062112 0.177013
v 0.080360 -0.069858 0.169564
v 0.054419 -0.062112 0.188192
v 0.106511 -0.069858 0.154465
v 0.100609 -0.074832 0.145914
v 0.129902 -0.069858 0.135367
v 0.122705 -0.074832 0.127874
v 0.120733 -0.076545 0.113493
v 0.141620 -0.074832 0.106523
v 0.094066 -0.076545 0.136436
v 0.072725 -0.076545 0.126144
v 0.102882 -0.076545 0.103004
v 0.088724 -0.076545 0.139973
v 0.070968 -0.076545 0.149772
v 0.051135 -0.076545 0.157661
v 0.037608 -0.076545 0.140690
v 0.075906 -0.074832 0.160177
v 0.049235 -0.074832 0.170292
v 0.052125 -0.069858 0.180272
v 0.022539 -0.069858 0.186312
v 0.023532 -0.062112 0.194497
v 0.024170 -0.052352 0.199752
v -0.007966 -0.062112 0.195766
v -0.008179 -0.052352 0.201056
v 0.024390 -0.041532 0.201563
v -0.000079 -0.041532 0.203043
v -0.008253 -0.041532 0.202879
v -0.040319 -0.052352 0.197154
v -0.039260 -0.062112 0.191967
v -0.045250 -0.041532 0.197954
v -0.071417 -0.052352 0.188146
v -0.069539 -0.062112 0.183196
v -0.072063 -0.041532 0.189852
v -0.100667 -0.052352 0.174267
v -0.088157 -0.041532 0.182940
v -0.101579 -0.041532 0.175847
v -0.098020 -0.062112 0.169682
v -0.127311 -0.052352 0.155875
v -0.150661 -0.052352 0.133448
v -0.123963 -0.062112 0.151774
v -0.126647 -0.041532 0.158755
v -0.101579 0.036999 0.175847
v -0.126647 0.036999 0.158755
v -0.152026 -0.041532 0.134657
v -0.158790 -0.041532 0.126612
v -0.152026 0.036999 0.134657
v -0.127311 0.047819 0.155875
v -0.158790 0.036999 0.126612
v -0.150661 0.047819 0.133448
v -0.171652 0.036999 0.108540
v -0.170110 0.047819 0.107565
v -0.165636 0.057580 0.104736
v -0.180286 0.057580 0.076823
v -0.185156 0.047819 0.078898
v -0.190269 0.057580 0.046921
v -0.182263 0.065326 0.044948
v -0.187107 0.065326 0.015142
v -0.176750 0.070299 0.014306
v -0.176750 0.070299 -0.014219
v -0.187107 0.065326 -0.015055
v -0.172175 0.070299 -0.042375
v -0.182263 0.065326 -0.044861
v -0.195325 0.057580 -0.015719
v -0.190269 0.057580 -0.046834
v -0.200602 0.047819 -0.016145
v -0.197989 0.036999 -0.045128
v -0.203079 0.036999 0.000043
v -0.200602 0.047819 0.016231
v -0.202420 0.036999 -0.016291
v -0.202420 -0.041532 -0.016291
v -0.197989 -0.041532 -0.045128
v -0.186834 -0.041532 -0.079526
v -0.185156 -0.052352 -0.078811
v -0.195409 -0.052352 -0.048101
v -0.190269 -0.062112 -0.046834
v -0.200602 -0.052352 -0.016145
v -0.195325 -0.062112 -0.015719
v -0.187107 -0.069858 0.015142
v -0.195325 -0.062112 0.015805
v -0.187107 -0.069858 -0.015055
v -0.176750 -0.074832 -0.014219
v -0.182263 -0.069858 -0.044861
v -0.176750 -0.074832 0.014306
v -0.164501 -0.076545 0.020815
v -0.172175 -0.074832 0.042461
v -0.165271 -0.076545 -0.013292
v -0.145687 -0.076545 0.000043
v -0.164501 -0.076545 -0.020728
v -0.160992 -0.076545 -0.039618
v -0.140725 -0.076545 -0.037643
v -0.154170 -0.076545 -0.060966
v -0.126179 -0.076545 -0.072761
v -0.103039 -0.076545 -0.102917
v -0.140151 -0.076545 -0.088533
v -0.134157 -0.076545 -0.097370
v -0.149886 -0.074832 -0.094689
v -0.124129 -0.076545 -0.109856
v -0.105718 -0.076545 -0.127653
v -0.132750 -0.074832 -0.117493
v -0.112177 -0.074832 -0.137253
v -0.118748 -0.069858 -0.145301
v -0.140527 -0.069858 -0.124383
v -0.158667 -0.069858 -0.100242
v -0.172700 -0.069858 -0.073504
v -0.163142 -0.074832 -0.069431
v -0.172175 -0.074832 -0.042375
v -0.180286 -0.062112 -0.076736
v -0.093897 -0.069858 -0.162455
v -0.066615 -0.069858 -0.175400
v -0.088702 -0.074832 -0.153457
v -0.082943 -0.076545 -0.143483
v -0.070643 -0.076545 -0.149913
v -0.062931 -0.074832 -0.165685
v -0.033229 -0.076545 -0.162337
v -0.035532 -0.074832 -0.173621
v -0.037611 -0.069858 -0.183801
v -0.007634 -0.069858 -0.187441
v 0.022539 -0.069858 -0.186225
v -0.007216 -0.074832 -0.177060
v 0.010328 -0.076545 -0.165359
v -0.006752 -0.076545 -0.165552
v 0.021286 -0.074832 -0.175911
v 0.046030 -0.076545 -0.159143
v 0.037608 -0.076545 -0.140603
v 0.051135 -0.076545 -0.157575
v -0.000079 -0.076545 -0.145565
v 0.072725 -0.076545 -0.126057
v 0.102882 -0.076545 -0.102917
v 0.120733 -0.076545 -0.113406
v 0.126022 -0.076545 -0.072761
v 0.140568 -0.076545 -0.037643
v 0.157122 -0.076545 -0.052438
v 0.145151 -0.076545 -0.079797
v 0.132413 -0.076545 -0.099517
v 0.168046 -0.074832 -0.056085
v 0.160444 -0.076545 -0.041172
v 0.163505 -0.076545 -0.026542
v 0.174873 -0.074832 -0.028389
v 0.177168 -0.074832 0.000043
v 0.145529 -0.076545 0.000043
v 0.165651 -0.076545 0.000043
v 0.174873 -0.074832 0.028476
v 0.163505 -0.076545 0.026628
v 0.140568 -0.076545 0.037729
v 0.126022 -0.076545 0.072847
v 0.160444 -0.076545 0.041259
v 0.146668 -0.076545 0.077062
v 0.168046 -0.074832 0.056172
v 0.145151 -0.076545 0.079884
v 0.156866 -0.074832 0.082414
v 0.149926 -0.069858 0.112765
v 0.166065 -0.069858 0.087242
v 0.132413 -0.076545 0.099604
v 0.177901 -0.069858 0.059462
v 0.185128 -0.069858 0.030142
v 0.185723 -0.062112 0.062073
v 0.193267 -0.062112 0.031465
v 0.190744 -0.052352 0.063749
v 0.198492 -0.052352 0.032314
v 0.197832 -0.041532 0.045215
v 0.192474 -0.041532 0.064327
v 0.197832 0.036999 0.045215
v 0.200293 0.036999 0.032607
v 0.200293 -0.041532 0.032607
v 0.202921 -0.041532 0.000043
v 0.201097 -0.052352 0.000043
v 0.195803 -0.062112 0.000043
v 0.185128 -0.069858 -0.030056
v 0.187558 -0.069858 0.000043
v 0.200293 -0.041532 -0.032520
v 0.197832 -0.041532 -0.045128
v -0.031133 -0.076545 -0.162751
v -0.037765 -0.076545 -0.140603
v -0.072883 -0.076545 -0.126057
v -0.140725 -0.076545 0.037729
v -0.154170 -0.076545 0.061052
v -0.126179 -0.076545 0.072847
v -0.160992 -0.076545 0.039705
v -0.134157 -0.076545 0.097457
v -0.152546 -0.076545 0.065004
v -0.149886 -0.074832 0.094776
v -0.163142 -0.074832 0.069518
v -0.182263 -0.069858 0.044948
v -0.172700 -0.069858 0.073591
v -0.190269 -0.062112 0.046921
v -0.158667 -0.069858 0.100329
v -0.180286 -0.062112 0.076823
v -0.195409 -0.052352 0.048188
v -0.165636 -0.062112 0.104736
v -0.185156 -0.052352 0.078898
v -0.171652 -0.041532 0.108540
v -0.182975 -0.041532 0.088122
v -0.186834 -0.041532 0.079613
v -0.170110 -0.052352 0.107565
v -0.146698 -0.062112 0.129937
v -0.140527 -0.069858 0.124469
v -0.118748 -0.069858 0.145388
v -0.088702 -0.074832 0.153543
v -0.112177 -0.074832 0.137339
v -0.093897 -0.069858 0.162541
v -0.066615 -0.069858 0.175487
v -0.062931 -0.074832 0.165772
v -0.058847 -0.076545 0.155003
v -0.035532 -0.074832 0.173708
v -0.070643 -0.076545 0.150000
v -0.103039 -0.076545 0.103004
v -0.072883 -0.076545 0.126144
v -0.104893 -0.076545 0.128418
v -0.105718 -0.076545 0.127740
v -0.124129 -0.076545 0.109942
v -0.132750 -0.074832 0.117580
v -0.037765 -0.076545 0.140690
v -0.031133 -0.076545 0.162837
v -0.006752 -0.076545 0.165638
v -0.000079 -0.076545 0.145651
v 0.019898 -0.076545 0.164564
v 0.010328 -0.076545 0.165446
v 0.021286 -0.074832 0.175998
v -0.007216 -0.074832 0.177146
v -0.007634 -0.069858 0.187528
v -0.037611 -0.069858 0.183888
v -0.182975 0.036999 0.088122
v -0.186834 0.036999 0.079613
v -0.197989 -0.041532 0.045215
v -0.197989 0.036999 0.045215
v -0.202420 -0.041532 0.016378
v -0.200602 -0.052352 0.016231
v -0.202420 0.036999 0.016378
v -0.203079 -0.041532 0.000043
v -0.195409 0.047819 0.048188
v -0.195325 0.057580 0.015805
v -0.100667 0.047819 0.174267
v -0.088157 0.036999 0.182940
v -0.071417 0.047819 0.188146
v -0.072063 0.036999 0.189852
v 0.045093 0.036999 0.197954
v 0.045093 -0.041532 0.197954
v 0.056400 0.036999 0.195029
v 0.056400 -0.041532 0.195029
v 0.088000 0.036999 0.182940
v 0.114202 0.047819 0.165608
v 0.115239 0.036999 0.167109
v 0.126490 0.036999 0.158755
v 0.139281 0.047819 0.145132
v 0.140544 0.036999 0.146447
v 0.135614 0.057580 0.141314
v 0.111195 0.057580 0.161251
v 0.115239 0.036999 -0.167022
v 0.088000 0.036999 -0.182853
v 0.056400 0.036999 -0.194942
v 0.109686 0.072013 -0.033815
v 0.113506 0.072013 -0.017077
v 0.163505 0.072013 -0.026542
v 0.103414 0.072013 0.049883
v 0.025482 0.072013 0.112031
v 0.019898 0.072013 0.164564
v -0.123963 0.057580 -0.151688
v -0.127311 0.047819 -0.155788
v -0.150661 0.047819 -0.133361
v -0.101579 0.036999 -0.175760
v -0.042045 0.072013 -0.106884
v 0.051830 0.091988 -0.011805
v 0.051830 0.071980 -0.011805
v 0.053165 0.071980 0.000043
v 0.044253 0.091988 -0.029446
v 0.052527 0.091988 -0.008175
v 0.051830 0.091988 0.011891
v 0.051830 0.071980 0.011891
v 0.047892 0.071980 0.023145
v 0.023520 0.071980 0.002909
v 0.020971 0.071980 0.011091
v 0.020971 0.037536 0.011091
v 0.019485 0.071980 0.013547
v 0.013426 0.071980 0.019607
v 0.013426 0.037536 0.019607
v 0.041549 0.071980 0.033240
v 0.051135 0.091988 0.014607
v 0.033118 0.071980 0.041671
v 0.041549 0.091988 0.033240
v 0.040332 0.091988 0.034712
v 0.023023 0.091988 0.048014
v 0.023023 0.071980 0.048014
v 0.011769 0.071980 0.051952
v 0.010969 0.071980 0.021092
v 0.002787 0.071980 0.023642
v 0.002787 0.037536 0.023642
v -0.000079 0.071980 0.023815
v -0.008508 0.071980 0.022271
v -0.008508 0.037536 0.022271
v -0.000079 0.071980 0.053287
v 0.022103 0.091988 0.048447
v -0.000202 0.091988 0.053287
v -0.011926 0.071980 0.051952
v -0.023180 0.071980 0.048014
v -0.011126 0.071980 0.021092
v -0.022484 0.091988 0.048343
v -0.023180 0.091988 0.048014
v -0.033275 0.071980 0.041671
v -0.040649 0.091988 0.034524
v -0.041706 0.091988 0.033240
v -0.041706 0.071980 0.033240
v -0.048049 0.071980 0.023145
v -0.017872 0.071980 0.015807
v -0.019643 0.071980 0.013547
v -0.023160 0.071980 0.005732
v -0.023160 0.037536 0.005732
v -0.017872 0.037536 0.015807
v -0.014472 0.037536 0.018962
v -0.023677 0.071980 0.002909
v -0.023160 0.037536 -0.005646
v -0.023160 0.071980 -0.005646
v -0.022306 0.071980 -0.008386
v -0.017872 0.037536 -0.015720
v -0.017872 0.071980 -0.015720
v -0.015842 0.071980 -0.017750
v -0.008508 0.037536 -0.022184
v 0.002787 0.037536 -0.023555
v -0.008508 0.071980 -0.022184
v -0.005768 0.071980 -0.023038
v -0.023180 0.071980 -0.047928
v -0.011926 0.071980 -0.051865
v 0.002787 0.071980 -0.023555
v -0.000079 0.071980 -0.053200
v 0.005610 0.071980 -0.023038
v 0.013426 0.071980 -0.019521
v 0.013426 0.037536 -0.019521
v 0.011769 0.071980 -0.051865
v 0.023023 0.071980 -0.047928
v 0.023023 0.091988 -0.047928
v 0.033118 0.071980 -0.041584
v 0.016512 0.091988 -0.050549
v -0.000079 0.091988 -0.053200
v -0.006196 0.091988 -0.052848
v -0.023180 0.091988 -0.047928
v -0.027779 0.091988 -0.045427
v -0.041706 0.091988 -0.033154
v -0.033275 0.071980 -0.041584
v -0.041706 0.071980 -0.033154
v -0.048049 0.071980 -0.023058
v -0.044273 0.091988 -0.029651
v -0.051987 0.091988 -0.011805
v -0.051987 0.071980 -0.011805
v -0.052646 0.091988 -0.008418
v -0.053322 0.071980 0.000043
v -0.051987 0.091988 0.011891
v -0.051359 0.091988 0.014369
v -0.051987 0.071980 0.011891
v 0.040492 0.091988 -0.034438
v 0.041549 0.071980 -0.033154
v 0.015685 0.071980 -0.017750
v 0.036171 0.091988 -0.038954
v 0.020971 0.071980 -0.011004
v 0.018811 0.037536 -0.014389
v 0.020971 0.037536 -0.011004
v 0.023694 0.037536 0.000043
v 0.022149 0.071980 -0.008386
v 0.023694 0.071980 0.000043
v 0.047892 0.071980 -0.023058
v 0.041549 0.091988 -0.033154
v 0.018811 0.040741 -0.014389
v 0.013426 0.040741 -0.019521
v 0.020971 0.040741 -0.011004
v 0.041523 0.040741 -0.002782
v 0.043201 0.040741 -0.003940
v 0.062487 0.040741 -0.014209
v 0.003693 0.040741 -0.042767
v 0.002341 0.040741 -0.041241
v 0.000435 0.040741 -0.040518
v 0.003693 0.005576 -0.042767
v 0.002341 0.005576 -0.041241
v 0.002787 0.040741 -0.023556
v -0.008508 0.040741 -0.022184
v -0.017872 0.040741 -0.015721
v -0.001589 0.040741 -0.040764
v 0.000435 0.005576 -0.040518
v -0.001589 0.005576 -0.040764
v -0.003267 0.040741 -0.041922
v -0.003267 0.005576 -0.041922
v -0.004214 0.040741 -0.043727
v -0.004214 0.005576 -0.043727
v -0.004214 0.040741 -0.045766
v -0.024634 0.040741 -0.059241
v -0.028681 0.040741 -0.057398
v -0.003267 0.040741 -0.047571
v -0.005999 0.040741 -0.063851
v -0.035245 0.057344 -0.070582
v -0.021669 0.057344 -0.075841
v -0.007358 0.057344 -0.078516
v -0.008065 0.057344 -0.106531
v -0.033104 0.057344 -0.101599
v -0.039123 0.057344 -0.099442
v -0.042044 0.075185 -0.106885
v -0.025639 0.075185 -0.111945
v -0.008662 0.075185 -0.114504
v 0.008506 0.075185 -0.114504
v 0.025482 0.075185 -0.111945
v -0.000078 0.057344 -0.106830
v 0.007201 0.057344 -0.078516
v 0.023703 0.057344 -0.104150
v 0.021513 0.057344 -0.075841
v 0.041888 0.075185 -0.106885
v 0.032947 0.057344 -0.101599
v 0.053358 0.057344 -0.092512
v 0.057356 0.075185 -0.099435
v 0.071541 0.075185 -0.089764
v 0.062740 0.057344 -0.086419
v 0.084126 0.075185 -0.078087
v 0.078265 0.057344 -0.072649
v 0.094830 0.075185 -0.064664
v 0.086384 0.057344 -0.062775
v 0.103414 0.075185 -0.049796
v 0.109686 0.075185 -0.033815
v 0.096211 0.057344 -0.046327
v 0.073490 0.057344 -0.028457
v 0.101564 0.057344 -0.032982
v 0.067000 0.057344 -0.041490
v 0.045295 0.040741 -0.045331
v 0.058227 0.057344 -0.053109
v 0.054479 0.040741 -0.033737
v 0.004181 0.040741 -0.044746
v 0.059205 0.040741 -0.024513
v 0.077474 0.057344 -0.014454
v 0.078818 0.057344 0.000043
v 0.106795 0.057344 0.000043
v 0.105601 0.057344 -0.015886
v 0.062997 0.040741 -0.011748
v 0.047131 0.040741 -0.003462
v 0.048483 0.040741 -0.001936
v 0.064090 0.040741 0.000043
v 0.048971 0.040741 0.000043
v 0.062997 0.040741 0.011834
v 0.077474 0.057344 0.014540
v 0.073490 0.057344 0.028544
v 0.101564 0.057344 0.033069
v 0.105601 0.057344 0.015972
v 0.109686 0.075185 0.033901
v 0.113507 0.075185 0.017163
v 0.114790 0.075185 0.000043
v 0.113507 0.075185 -0.017077
v 0.103414 0.075185 0.049882
v 0.096211 0.057344 0.046413
v 0.094830 0.075185 0.064750
v 0.086384 0.057344 0.062861
v 0.084126 0.075185 0.078173
v 0.078265 0.057344 0.072735
v 0.071541 0.075185 0.089850
v 0.062740 0.057344 0.086505
v 0.057356 0.075185 0.099522
v 0.041888 0.075185 0.106971
v 0.053358 0.057344 0.092598
v 0.035089 0.057344 0.070668
v 0.032947 0.057344 0.101685
v 0.047467 0.057344 0.063003
v 0.038592 0.040741 0.051250
v 0.045295 0.040741 0.045417
v 0.058227 0.057344 0.053195
v 0.067000 0.057344 0.041576
v 0.054479 0.040741 0.033823
v 0.059205 0.040741 0.024599
v 0.047131 0.040741 0.003549
v 0.045224 0.040741 0.004271
v 0.043201 0.040741 0.004026
v 0.047131 0.005576 0.003549
v 0.045224 0.005576 0.004271
v 0.004181 0.040741 0.044832
v 0.004181 0.005576 0.044832
v 0.003693 0.005576 0.042853
v 0.003693 0.040741 0.046812
v 0.003693 0.040741 0.042853
v 0.002341 0.040741 0.041327
v 0.002341 0.005576 0.041327
v 0.000435 0.005576 0.040604
v 0.000756 0.005576 0.037961
v 0.003854 0.005576 0.039136
v 0.006051 0.005576 0.041616
v 0.003854 0.001074 0.039136
v 0.000756 0.001074 0.037961
v 0.039530 0.001074 -0.004547
v -0.037946 0.001074 0.000043
v -0.002533 0.001074 0.038360
v -0.005259 0.001074 0.040242
v -0.040936 0.001074 0.005739
v -0.038739 0.001074 0.003260
v -0.002533 0.005576 0.038360
v -0.005259 0.005576 0.040242
v -0.001589 0.005576 0.040850
v -0.003267 0.005576 0.042008
v 0.000435 0.040741 0.040604
v -0.001589 0.040741 0.040850
v 0.041523 0.040741 0.002868
v 0.040575 0.040741 0.001062
v -0.003267 0.040741 0.042008
v -0.004214 0.040741 0.043813
v -0.004214 0.005576 0.043813
v 0.002787 0.040741 0.023642
v 0.013426 0.040741 0.019607
v 0.020971 0.040741 0.011090
v 0.023694 0.040741 0.000043
v 0.040575 0.040741 -0.000976
v 0.040575 0.005576 0.001062
v 0.040575 0.005576 -0.000976
v 0.041523 0.005576 -0.002782
v 0.037990 0.005576 0.001700
v 0.037990 0.005576 -0.001613
v 0.039530 0.005576 -0.004547
v 0.037990 0.001074 -0.001613
v 0.037990 0.001074 0.001700
v 0.039530 0.001074 0.004633
v 0.039530 0.005576 0.004633
v 0.042257 0.001074 0.006515
v 0.006051 0.001074 0.041616
v 0.006843 0.001074 0.044832
v 0.006843 0.005576 0.044832
v 0.003693 0.005576 0.046812
v 0.006051 0.005576 0.048049
v 0.003854 0.005576 0.050529
v 0.006051 0.001074 0.048049
v 0.002341 0.005576 0.048338
v 0.000435 0.040741 0.049061
v 0.000435 0.005576 0.049061
v 0.002341 0.040741 0.048338
v 0.017482 0.040741 0.061762
v -0.000078 0.040741 0.064211
v -0.005999 0.040741 0.063938
v 0.007201 0.057344 0.078602
v -0.007358 0.057344 0.078602
v -0.021669 0.057344 0.075927
v -0.033104 0.057344 0.101685
v -0.008065 0.057344 0.106617
v -0.000078 0.057344 0.106916
v -0.025639 0.075185 0.112031
v -0.008662 0.075185 0.114590
v 0.008506 0.075185 0.114590
v 0.025482 0.075185 0.112031
v 0.023703 0.057344 0.104236
v 0.021513 0.057344 0.075927
v 0.024478 0.040741 0.059327
v -0.042044 0.075185 0.106971
v -0.057512 0.075185 0.099522
v -0.039123 0.057344 0.099528
v -0.062897 0.057344 0.086505
v -0.035245 0.057344 0.070668
v -0.014330 0.040741 0.062609
v -0.028681 0.040741 0.057484
v -0.024634 0.040741 0.059327
v -0.047624 0.057344 0.063003
v -0.045452 0.040741 0.045417
v -0.058383 0.057344 0.053195
v -0.066712 0.057344 0.083600
v -0.086540 0.057344 0.062861
v -0.084282 0.075185 0.078173
v -0.071697 0.075185 0.089850
v -0.094987 0.075185 0.064750
v -0.103571 0.075185 0.049882
v -0.088381 0.057344 0.060247
v -0.067157 0.057344 0.041576
v -0.101720 0.057344 0.033069
v -0.102203 0.057344 0.031544
v -0.073647 0.057344 0.028544
v -0.109843 0.075185 0.033901
v -0.113663 0.075185 0.017163
v -0.114946 0.075185 0.000043
v -0.106951 0.057344 0.000043
v -0.077631 0.057344 0.014540
v -0.078974 0.057344 0.000043
v -0.102203 0.057344 -0.031458
v -0.113663 0.075185 -0.017077
v -0.109843 0.075185 -0.033815
v -0.101720 0.057344 -0.032982
v -0.103571 0.075185 -0.049796
v -0.094987 0.075185 -0.064664
v -0.086540 0.057344 -0.062775
v -0.088381 0.057344 -0.060161
v -0.084282 0.075185 -0.078087
v -0.071697 0.075185 -0.089764
v -0.066712 0.057344 -0.083514
v -0.062897 0.057344 -0.086419
v -0.058383 0.057344 -0.053109
v -0.047624 0.057344 -0.062917
v -0.045452 0.040741 -0.045331
v -0.047499 0.040741 -0.043187
v -0.059362 0.040741 -0.024513
v -0.067157 0.057344 -0.041490
v -0.073647 0.057344 -0.028457
v -0.059913 0.040741 -0.023137
v -0.077631 0.057344 -0.014454
v -0.064246 0.040741 0.000043
v -0.049003 0.040741 -0.000976
v -0.049003 0.040741 0.001062
v -0.048056 0.040741 0.002868
v -0.059913 0.040741 0.023223
v -0.046378 0.040741 0.004026
v -0.059362 0.040741 0.024599
v -0.047499 0.040741 0.043273
v -0.044354 0.040741 0.004271
v -0.042448 0.040741 0.003549
v -0.042448 0.005576 0.003549
v -0.044354 0.005576 0.004271
v -0.046378 0.005576 0.004026
v -0.040936 0.005576 0.005739
v -0.044033 0.005576 0.006914
v -0.047322 0.005576 0.006515
v -0.044033 0.001074 0.006914
v -0.006799 0.001074 0.043176
v -0.047322 0.001074 0.006515
v -0.050049 0.005576 0.004633
v -0.050049 0.001074 0.004633
v -0.062247 0.001074 0.025794
v -0.063311 0.001074 0.023058
v -0.051626 0.001074 0.043297
v -0.066467 -0.015351 0.055750
v -0.081516 -0.015351 0.029684
v -0.109142 -0.015351 0.016482
v -0.105906 -0.015351 0.031117
v -0.099451 -0.015351 0.047898
v -0.092865 -0.015351 0.059673
v -0.086743 -0.015351 0.000043
v -0.067369 0.001074 0.000043
v -0.051588 0.001074 0.001700
v -0.050049 0.001074 -0.004547
v -0.051588 0.001074 -0.001613
v -0.063311 0.001074 -0.022972
v -0.081516 -0.015351 -0.029598
v -0.062247 0.001074 -0.025708
v -0.047322 0.001074 -0.006429
v -0.051626 0.001074 -0.043211
v -0.044033 0.001074 -0.006828
v -0.047322 0.005576 -0.006429
v -0.044033 0.005576 -0.006828
v -0.044354 0.005576 -0.004185
v -0.042448 0.005576 -0.003462
v -0.040936 0.005576 -0.005653
v -0.041096 0.005576 -0.001936
v -0.038739 0.005576 -0.003174
v -0.040936 0.001074 -0.005653
v -0.038739 0.001074 -0.003174
v -0.033724 0.001074 -0.058232
v -0.006799 0.001074 -0.046403
v -0.006799 0.001074 -0.043090
v -0.005259 0.001074 -0.040156
v -0.002533 0.001074 -0.038274
v -0.005259 0.005576 -0.040156
v -0.006799 0.005576 -0.043090
v -0.004214 0.005576 -0.045766
v -0.006799 0.005576 -0.046403
v -0.003267 0.005576 -0.047571
v -0.005259 0.005576 -0.049336
v -0.002533 0.005576 -0.051218
v -0.005259 0.001074 -0.049336
v -0.001589 0.005576 -0.048729
v -0.001589 0.040741 -0.048729
v 0.000435 0.040741 -0.048975
v 0.000435 0.005576 -0.048975
v 0.002341 0.040741 -0.048252
v 0.002341 0.005576 -0.048252
v 0.000756 0.005576 -0.051618
v 0.003854 0.005576 -0.050443
v -0.002533 0.001074 -0.051218
v 0.000756 0.001074 -0.051618
v -0.000078 0.001074 -0.067248
v 0.003854 0.001074 -0.050443
v -0.011763 0.001074 -0.066225
v -0.025829 0.001074 -0.062125
v -0.043411 -0.015351 -0.075011
v -0.015127 -0.015351 -0.085305
v -0.024621 -0.015351 -0.107487
v -0.045897 -0.015351 -0.100285
v 0.014971 -0.015351 -0.085305
v 0.008164 -0.015351 -0.109944
v -0.015775 -0.015351 -0.109130
v -0.018557 -0.073373 -0.128480
v -0.055259 -0.077307 -0.120786
v -0.054018 -0.073373 -0.118067
v -0.018982 -0.077307 -0.131438
v 0.018400 -0.073373 -0.128480
v 0.053861 -0.073373 -0.118067
v 0.040217 -0.015351 -0.102628
v 0.015618 -0.015351 -0.109130
v 0.018826 -0.077307 -0.131438
v 0.055102 -0.077307 -0.120786
v -0.037764 -0.077307 -0.140603
v -0.000078 -0.077307 -0.145565
v 0.037608 -0.077307 -0.140603
v 0.037608 -0.073373 -0.140603
v 0.072726 -0.073373 -0.126057
v 0.072726 -0.077307 -0.126057
v 0.102882 -0.073373 -0.102917
v 0.102882 -0.077307 -0.102917
v 0.086909 -0.077307 -0.100345
v 0.111668 -0.077307 -0.071772
v 0.084952 -0.073373 -0.098087
v 0.109154 -0.073373 -0.070156
v 0.124506 -0.073373 -0.036538
v 0.105317 -0.015351 -0.032467
v 0.092708 -0.015351 -0.059587
v 0.091052 -0.015351 -0.062089
v 0.072150 -0.015351 -0.083313
v 0.066311 -0.015351 -0.055664
v 0.081360 -0.015351 -0.029598
v 0.043254 -0.015351 -0.075011
v 0.062090 0.001074 -0.025708
v 0.051469 0.001074 -0.043211
v 0.047503 0.001074 -0.047539
v 0.033567 0.001074 -0.058232
v 0.006843 0.001074 -0.044746
v 0.006051 0.001074 -0.041530
v 0.006051 0.005576 -0.041530
v 0.006843 0.005576 -0.044746
v 0.006051 0.001074 -0.047963
v 0.025673 0.001074 -0.062125
v 0.006051 0.005576 -0.047963
v 0.003693 0.005576 -0.046726
v 0.004181 0.005576 -0.044746
v 0.003693 0.040741 -0.046726
v 0.024478 0.040741 -0.059241
v 0.038592 0.040741 -0.051164
v 0.047467 0.057344 -0.062917
v 0.035089 0.057344 -0.070582
v 0.017482 0.040741 -0.061676
v -0.000078 0.040741 -0.064125
v 0.011607 0.001074 -0.066225
v 0.003854 0.005576 -0.039050
v 0.000756 0.005576 -0.037875
v 0.003854 0.001074 -0.039050
v 0.063154 0.001074 -0.022972
v 0.000756 0.001074 -0.037875
v 0.045545 0.001074 -0.006828
v 0.048643 0.005576 -0.005653
v 0.048643 0.001074 -0.005653
v 0.042257 0.001074 -0.006429
v 0.045545 0.005576 -0.006828
v 0.045224 0.005576 -0.004185
v 0.047131 0.005576 -0.003462
v 0.042257 0.005576 -0.006429
v 0.043201 0.005576 -0.003940
v 0.045224 0.040741 -0.004185
v 0.048483 0.005576 -0.001936
v 0.048971 0.005576 0.000043
v 0.050840 0.005576 -0.003174
v 0.051633 0.005576 0.000043
v 0.050840 0.001074 -0.003174
v 0.051633 0.001074 0.000043
v 0.067212 0.001074 0.000043
v 0.050840 0.001074 0.003260
v 0.050840 0.005576 0.003260
v 0.048483 0.005576 0.002023
v 0.048643 0.005576 0.005739
v 0.045545 0.005576 0.006914
v 0.048643 0.001074 0.005739
v 0.045545 0.001074 0.006914
v 0.062090 0.001074 0.025794
v 0.063154 0.001074 0.023058
v 0.086586 -0.015351 0.000043
v 0.081360 -0.015351 0.029684
v 0.066311 -0.015351 0.055750
v 0.051469 0.001074 0.043297
v 0.092708 -0.015351 0.059673
v 0.105317 -0.015351 0.032553
v 0.105749 -0.015351 0.031117
v 0.124506 -0.073373 0.036624
v 0.110217 -0.015351 0.000043
v 0.129766 -0.073373 0.000043
v 0.127374 -0.077307 -0.037380
v 0.132754 -0.077307 0.000043
v 0.140568 -0.077307 -0.037643
v 0.145530 -0.077307 0.000043
v 0.127374 -0.077307 0.037466
v 0.111668 -0.077307 0.071858
v 0.109154 -0.073373 0.070242
v 0.140568 -0.077307 0.037729
v 0.140568 -0.073373 0.037729
v 0.126022 -0.073373 0.072847
v 0.126022 -0.077307 0.072847
v 0.102882 -0.077307 0.103003
v 0.086909 -0.077307 0.100431
v 0.102882 -0.073373 0.103003
v 0.072726 -0.073373 0.126143
v 0.037608 -0.073373 0.140690
v 0.072726 -0.077307 0.126143
v 0.037608 -0.077307 0.140690
v 0.055102 -0.077307 0.120872
v 0.018826 -0.077307 0.131524
v -0.000078 -0.077307 0.145651
v -0.018982 -0.077307 0.131524
v 0.018400 -0.073373 0.128566
v -0.018557 -0.073373 0.128566
v -0.054018 -0.073373 0.118154
v -0.045897 -0.015351 0.100371
v -0.024621 -0.015351 0.107573
v -0.015775 -0.015351 0.109216
v 0.008164 -0.015351 0.110030
v -0.015127 -0.015351 0.085391
v -0.043411 -0.015351 0.075097
v 0.014971 -0.015351 0.085391
v -0.025829 0.001074 0.062211
v -0.011763 0.001074 0.066311
v -0.000078 0.001074 0.067334
v 0.011607 0.001074 0.066311
v -0.002533 0.001074 0.051304
v 0.000756 0.001074 0.051704
v 0.000756 0.005576 0.051704
v -0.002533 0.005576 0.051304
v 0.003854 0.001074 0.050529
v 0.025673 0.001074 0.062211
v 0.033567 0.001074 0.058318
v 0.043254 -0.015351 0.075097
v 0.068690 -0.015351 0.086275
v 0.072150 -0.015351 0.083399
v 0.091052 -0.015351 0.062175
v 0.040217 -0.015351 0.102714
v 0.045740 -0.015351 0.100371
v 0.084952 -0.073373 0.098173
v 0.053861 -0.073373 0.118154
v 0.015618 -0.015351 0.109216
v 0.047503 0.001074 0.047625
v -0.001589 0.005576 0.048815
v -0.005259 0.005576 0.049422
v -0.003267 0.005576 0.047657
v -0.004214 0.040741 0.045852
v -0.003267 0.040741 0.047657
v -0.004214 0.005576 0.045852
v -0.006799 0.005576 0.046489
v -0.006799 0.005576 0.043176
v -0.006799 0.001074 0.046489
v -0.005259 0.001074 0.049422
v -0.033724 0.001074 0.058318
v -0.047660 0.001074 0.047625
v -0.001589 0.040741 0.048815
v -0.055226 -0.015351 0.095562
v -0.072306 -0.015351 0.083399
v -0.080930 -0.015351 0.075063
v -0.085108 -0.073373 0.098173
v -0.055259 -0.077307 0.120872
v -0.109310 -0.073373 0.070242
v -0.087065 -0.077307 0.100431
v -0.072882 -0.077307 0.126143
v -0.103039 -0.077307 0.103003
v -0.111824 -0.077307 0.071858
v -0.127530 -0.077307 0.037466
v -0.124663 -0.073373 0.036624
v -0.126179 -0.077307 0.072847
v -0.140725 -0.073373 0.037729
v -0.126179 -0.073373 0.072847
v -0.140725 -0.077307 0.037729
v -0.145686 -0.077307 0.000043
v -0.132911 -0.077307 0.000043
v -0.145686 -0.073373 0.000043
v -0.140725 -0.073373 -0.037643
v -0.126179 -0.073373 -0.072761
v -0.140725 -0.077307 -0.037643
v -0.126179 -0.077307 -0.072761
v -0.127530 -0.077307 -0.037380
v -0.111824 -0.077307 -0.071772
v -0.087065 -0.077307 -0.100345
v -0.109310 -0.073373 -0.070156
v -0.085108 -0.073373 -0.098087
v -0.055226 -0.015351 -0.095476
v -0.072306 -0.015351 -0.083313
v -0.080930 -0.015351 -0.074977
v -0.092865 -0.015351 -0.059587
v -0.066467 -0.015351 -0.055664
v -0.047660 0.001074 -0.047539
v -0.099451 -0.015351 -0.047812
v -0.124663 -0.073373 -0.036538
v -0.105906 -0.015351 -0.031031
v -0.109142 -0.015351 -0.016396
v -0.110374 -0.015351 0.000043
v -0.129923 -0.073373 0.000043
v -0.103039 -0.077307 -0.102917
v -0.072882 -0.077307 -0.126057
v -0.103039 -0.073373 -0.102917
v -0.072882 -0.073373 -0.126057
v -0.037764 -0.073373 -0.140603
v -0.000078 -0.073373 -0.145565
v -0.103039 -0.073373 0.103003
v -0.072882 -0.073373 0.126143
v -0.037764 -0.073373 0.140690
v -0.037764 -0.077307 0.140690
v -0.000078 -0.073373 0.145651
v 0.145530 -0.073373 0.000043
v 0.140568 -0.073373 -0.037643
v 0.126022 -0.073373 -0.072761
v 0.126022 -0.077307 -0.072761
v 0.105749 -0.015351 -0.031031
v 0.042257 0.005576 0.006515
v 0.043201 0.005576 0.004026
v 0.041523 0.005576 0.002868
v 0.048483 0.040741 0.002023
v -0.002533 0.005576 -0.038274
v 0.068690 -0.015351 -0.086189
v 0.045740 -0.015351 -0.100285
v -0.037946 0.005576 0.000043
v -0.040608 0.005576 0.000043
v -0.041096 0.005576 0.002023
v -0.038739 0.005576 0.003260
v -0.041096 0.040741 0.002023
v -0.023160 0.040741 0.005732
v -0.040608 0.040741 0.000043
v -0.041096 0.040741 -0.001936
v -0.023160 0.040741 -0.005646
v -0.042448 0.040741 -0.003462
v -0.044354 0.040741 -0.004185
v -0.046378 0.040741 -0.003940
v -0.046378 0.005576 -0.003940
v -0.048056 0.005576 -0.002782
v -0.050049 0.005576 -0.004547
v -0.051588 0.005576 -0.001613
v -0.051588 0.005576 0.001700
v -0.049003 0.005576 -0.000976
v -0.049003 0.005576 0.001062
v -0.048056 0.040741 -0.002782
v -0.048056 0.005576 0.002868
v -0.017872 0.040741 0.015807
v -0.014472 0.040741 0.018962
v -0.008508 0.040741 0.022270
v -0.057512 0.075185 -0.099435
vn -0.0000 1.0000 -0.0000
vn -0.1034 0.9889 -0.1070
vn -0.0832 0.9892 -0.1206
vn -0.0843 0.9890 -0.1213
vn -0.0753 0.9867 -0.1440
vn -0.0633 0.9890 -0.1334
vn -0.1856 0.9014 -0.3911
vn -0.0364 0.9914 -0.1255
vn -0.1204 0.9014 -0.4158
vn -0.2940 0.7277 -0.6197
vn -0.1908 0.7277 -0.6588
vn -0.0827 0.7277 -0.6809
vn -0.0522 0.9014 -0.4297
vn 0.0174 0.9014 -0.4325
vn -0.0168 0.9891 -0.1466
vn 0.0059 0.9890 -0.1475
vn -0.0180 0.9887 -0.1486
vn -0.0285 0.9891 -0.1444
vn 0.0254 0.9890 -0.1458
vn 0.0018 0.9874 -0.1585
vn 0.0271 0.9908 -0.1328
vn 0.0432 0.9891 -0.1407
vn 0.1535 0.9014 -0.4048
vn 0.0866 0.9014 -0.4242
vn 0.0539 0.9884 -0.1422
vn 0.0545 0.9891 -0.1370
vn 0.0747 0.9880 -0.1354
vn 0.0738 0.9890 -0.1279
vn 0.0886 0.9901 -0.1085
vn 0.2164 0.9014 -0.3749
vn 0.2738 0.9014 -0.3353
vn 0.4338 0.7277 -0.5313
vn 0.3429 0.7277 -0.5940
vn 0.4398 0.4756 -0.7618
vn 0.3119 0.4756 -0.8225
vn 0.2432 0.7277 -0.6413
vn 0.1372 0.7277 -0.6720
vn 0.1760 0.4756 -0.8619
vn 0.0354 0.4756 -0.8790
vn 0.0397 0.1657 -0.9854
vn 0.1952 0.2185 -0.9561
vn 0.1694 0.1660 -0.9715
vn 0.0604 -0.0000 -0.9982
vn 0.0589 0.2228 -0.9731
vn 0.1718 -0.0000 -0.9851
vn 0.2505 -0.0000 -0.9681
vn 0.1665 -0.2466 -0.9547
vn 0.2470 -0.1662 -0.9547
vn 0.3497 -0.1657 -0.9221
vn 0.3119 -0.4756 -0.8225
vn 0.1760 -0.4756 -0.8619
vn 0.1973 -0.1657 -0.9662
vn 0.0354 -0.4756 -0.8790
vn 0.0394 -0.2090 -0.9771
vn 0.0595 -0.1660 -0.9843
vn -0.0201 -0.0000 -0.9998
vn -0.0199 -0.1662 -0.9859
vn -0.1320 -0.0000 -0.9913
vn -0.1308 0.1323 -0.9825
vn -0.1189 0.1657 -0.9790
vn -0.0199 0.1662 -0.9859
vn -0.1060 0.4756 -0.8733
vn -0.2447 0.4756 -0.8450
vn -0.2729 0.1941 -0.9423
vn -0.3771 0.4756 -0.7948
vn -0.4228 0.1657 -0.8910
vn -0.2852 0.1659 -0.9440
vn -0.3946 -0.0000 -0.9188
vn -0.3800 0.2699 -0.8847
vn -0.2893 -0.0000 -0.9573
vn -0.2835 -0.1986 -0.9382
vn -0.1301 -0.1656 -0.9776
vn -0.1196 -0.1273 -0.9846
vn -0.2744 -0.1657 -0.9472
vn -0.1060 -0.4756 -0.8733
vn -0.2447 -0.4756 -0.8450
vn -0.3891 -0.1661 -0.9061
vn -0.4179 -0.2228 -0.8807
vn -0.3771 -0.4756 -0.7947
vn -0.3771 -0.4756 -0.7948
vn -0.5555 -0.1658 -0.8148
vn -0.4608 -0.1661 -0.8718
vn -0.4997 -0.4756 -0.7240
vn -0.5587 -0.1811 -0.8094
vn -0.5633 -0.0000 -0.8262
vn -0.6886 -0.0000 -0.7252
vn -0.6809 -0.1491 -0.7171
vn -0.7654 -0.0000 -0.6435
vn -0.7548 -0.1662 -0.6346
vn -0.6831 -0.1657 -0.7112
vn -0.6094 -0.4756 -0.6344
vn -0.7033 -0.4756 -0.5285
vn -0.7884 -0.1657 -0.5924
vn -0.7912 -0.2387 -0.5631
vn -0.8745 -0.0000 -0.4850
vn -0.8624 -0.1660 -0.4783
vn -0.8147 -0.0000 -0.5798
vn -0.8034 0.1660 -0.5718
vn -0.8732 0.1657 -0.4583
vn -0.8509 0.2308 -0.4719
vn -0.8980 0.1662 -0.4073
vn -0.9354 0.1657 -0.3123
vn -0.8344 0.4756 -0.2786
vn -0.7789 0.4756 -0.4088
vn -0.6073 0.7277 -0.3187
vn -0.5483 0.7277 -0.4120
vn -0.7033 0.4756 -0.5285
vn -0.4751 0.7277 -0.4947
vn -0.3461 0.9014 -0.2601
vn -0.2999 0.9014 -0.3122
vn -0.1023 0.9890 -0.1065
vn -0.1149 0.9891 -0.0923
vn -0.1235 0.9880 -0.0928
vn -0.3833 0.9014 -0.2012
vn -0.1264 0.9898 -0.0664
vn -0.1219 0.9891 -0.0827
vn -0.1318 0.9890 -0.0670
vn -0.1450 0.9883 -0.0464
vn -0.1361 0.9891 0.0559
vn -0.1288 0.9890 0.0730
vn -0.1436 0.9885 0.0479
vn -0.4106 0.9014 0.1371
vn -0.3833 0.9014 0.2012
vn -0.1186 0.9910 0.0622
vn -0.1180 0.9890 0.0887
vn -0.3461 0.9014 0.2601
vn -0.1246 0.9871 0.1001
vn -0.5483 0.7277 0.4120
vn -0.4751 0.7277 0.4947
vn -0.2999 0.9014 0.3122
vn -0.3896 0.7277 0.5645
vn -0.2459 0.9014 0.3563
vn -0.2940 0.7277 0.6197
vn -0.1856 0.9014 0.3911
vn -0.0640 0.9865 0.1509
vn -0.0633 0.9890 0.1334
vn -0.0733 0.9916 0.1062
vn -0.0790 0.9889 0.1254
vn -0.0934 0.9891 0.1137
vn -0.1026 0.9890 0.1061
vn -0.1030 0.9889 0.1072
vn -0.0171 0.9887 0.1489
vn 0.0017 0.9891 0.1474
vn -0.0178 0.9890 0.1466
vn -0.0404 0.9894 0.1396
vn -0.0522 0.9014 0.4297
vn -0.1204 0.9014 0.4158
vn -0.0827 0.7277 0.6809
vn -0.1908 0.7277 0.6588
vn -0.1060 0.4756 0.8733
vn -0.2447 0.4756 0.8450
vn -0.1301 0.1656 0.9776
vn -0.1196 0.1273 0.9846
vn -0.0199 0.1662 0.9859
vn 0.0394 0.2090 0.9771
vn 0.0354 0.4756 0.8790
vn 0.1973 0.1657 0.9662
vn 0.0595 0.1660 0.9843
vn 0.1760 0.4756 0.8619
vn 0.0276 0.7277 0.6853
vn 0.1372 0.7277 0.6720
vn 0.3119 0.4756 0.8225
vn 0.2432 0.7277 0.6413
vn 0.1535 0.9014 0.4048
vn 0.0866 0.9014 0.4241
vn 0.0866 0.9014 0.4242
vn 0.0283 0.9899 0.1386
vn 0.0524 0.9890 0.1381
vn 0.0567 0.9882 0.1426
vn 0.0712 0.9891 0.1291
vn 0.0813 0.9891 0.1227
vn 0.0764 0.9883 0.1323
vn 0.2738 0.9014 0.3353
vn 0.0867 0.9906 0.1062
vn 0.0965 0.9890 0.1122
vn 0.2164 0.9014 0.3749
vn 0.1203 0.9876 0.1012
vn 0.1239 0.9891 0.0801
vn 0.1105 0.9890 0.0979
vn 0.1272 0.9886 0.0805
vn 0.3240 0.9014 0.2871
vn 0.3659 0.9014 0.2314
vn 0.3983 0.9014 0.1697
vn 0.1217 0.9912 0.0519
vn 0.1297 0.9891 0.0697
vn 0.1383 0.9890 0.0532
vn 0.1577 0.9869 0.0330
vn 0.1434 0.9890 0.0353
vn 0.1472 0.9890 0.0119
vn 0.4203 0.9014 0.1036
vn 0.4315 0.9014 0.0348
vn 0.6837 0.7277 0.0552
vn 0.6837 0.7277 -0.0552
vn 0.4315 0.9014 -0.0348
vn 0.6659 0.7277 -0.1641
vn 0.4203 0.9014 -0.1036
vn 0.6310 0.7277 -0.2688
vn 0.3983 0.9014 -0.1697
vn 0.1501 0.9880 -0.0370
vn 0.1326 0.9896 -0.0565
vn 0.1413 0.9891 -0.0417
vn 0.1354 0.9890 -0.0592
vn 0.1269 0.9885 -0.0820
vn 0.1128 0.9891 -0.0949
vn 0.1047 0.9891 -0.1035
vn 0.1151 0.9881 -0.1020
vn 0.3659 0.9014 -0.2314
vn 0.3240 0.9014 -0.2871
vn 0.1248 0.9890 -0.0789
vn 0.5134 0.7277 -0.4548
vn 0.5797 0.7277 -0.3666
vn 0.5564 0.4756 -0.6814
vn 0.6585 0.4756 -0.5833
vn 0.6584 0.4756 -0.5833
vn 0.7334 0.1996 -0.6498
vn 0.6237 0.1657 -0.7639
vn 0.7287 0.1659 -0.6645
vn 0.6588 -0.0000 -0.7523
vn 0.6358 0.2622 -0.7260
vn 0.7389 -0.0000 -0.6738
vn 0.7229 -0.2067 -0.6593
vn 0.8259 -0.1655 -0.5390
vn 0.8374 -0.0000 -0.5466
vn 0.8395 -0.1161 -0.5309
vn 0.7435 -0.4756 -0.4702
vn 0.6585 -0.4756 -0.5833
vn 0.7382 -0.1657 -0.6540
vn 0.5564 -0.4756 -0.6814
vn 0.6497 -0.1661 -0.7419
vn 0.6167 -0.2220 -0.7553
vn 0.4955 -0.1658 -0.8526
vn 0.4924 -0.1737 -0.8529
vn 0.5878 -0.1661 -0.7917
vn 0.4398 -0.4756 -0.7618
vn 0.2432 -0.7277 -0.6413
vn 0.3429 -0.7277 -0.5940
vn 0.2164 -0.9014 -0.3749
vn 0.1535 -0.9014 -0.4048
vn 0.0524 -0.9890 -0.1380
vn 0.0764 -0.9883 -0.1323
vn 0.0712 -0.9891 -0.1291
vn 0.0872 -0.9900 -0.1111
vn 0.0934 -0.9890 -0.1144
vn 0.2738 -0.9014 -0.3353
vn 0.3240 -0.9014 -0.2871
vn 0.5134 -0.7277 -0.4548
vn 0.4338 -0.7277 -0.5313
vn 0.3659 -0.9014 -0.2314
vn 0.5797 -0.7277 -0.3666
vn 0.3983 -0.9014 -0.1697
vn 0.6310 -0.7277 -0.2688
vn 0.8541 -0.4756 -0.2105
vn 0.6659 -0.7277 -0.1641
vn 0.8093 -0.4756 -0.3448
vn 0.9138 -0.1659 -0.3708
vn 0.9575 -0.1657 -0.2360
vn 0.9005 -0.2046 -0.3837
vn 0.8933 -0.0000 -0.4494
vn 0.9266 -0.0000 -0.3760
vn 0.8809 -0.1662 -0.4431
vn 0.9050 0.2148 -0.3673
vn 0.8809 0.1662 -0.4431
vn 0.9073 0.1657 -0.3865
vn 0.7435 0.4756 -0.4702
vn 0.8335 0.1657 -0.5271
vn 0.8093 0.4756 -0.3448
vn 0.9495 0.1661 -0.2662
vn 0.9470 0.2205 -0.2334
vn 0.8541 0.4756 -0.2105
vn 0.9678 0.1662 -0.1889
vn 0.9830 0.1657 -0.0794
vn 0.8768 0.4756 -0.0708
vn 0.8768 0.4756 0.0708
vn 0.9830 0.1657 0.0794
vn 0.8541 0.4756 0.2105
vn 0.6659 0.7277 0.1641
vn 0.8093 0.4756 0.3448
vn 0.6310 0.7277 0.2688
vn 0.7435 0.4756 0.4702
vn 0.5797 0.7277 0.3666
vn 0.8395 0.1161 0.5309
vn 0.8259 0.1655 0.5390
vn 0.8809 0.1662 0.4431
vn 0.9005 0.2046 0.3837
vn 0.9266 -0.0000 0.3760
vn 0.9138 0.1659 0.3708
vn 0.8933 -0.0000 0.4494
vn 0.8310 -0.1238 0.5424
vn 0.8374 -0.0000 0.5466
vn 0.8809 -0.1662 0.4431
vn 0.8335 -0.1657 0.5271
vn 0.7435 -0.4756 0.4702
vn 0.7334 -0.1996 0.6498
vn 0.6584 -0.4756 0.5833
vn 0.7287 -0.1659 0.6645
vn 0.6237 -0.1657 0.7639
vn 0.5564 -0.4756 0.6814
vn 0.6585 -0.4756 0.5833
vn 0.6358 -0.2622 0.7260
vn 0.5878 -0.1661 0.7917
vn 0.4931 -0.1657 0.8541
vn 0.4398 -0.4756 0.7618
vn 0.4948 -0.1740 0.8514
vn 0.3502 -0.1571 0.9234
vn 0.3119 -0.4756 0.8225
vn 0.2432 -0.7277 0.6413
vn 0.3429 -0.7277 0.5940
vn 0.2164 -0.9014 0.3749
vn 0.2738 -0.9014 0.3353
vn 0.4338 -0.7277 0.5313
vn 0.1151 -0.9881 0.1020
vn 0.0908 -0.9903 0.1056
vn 0.3240 -0.9014 0.2871
vn 0.0934 -0.9890 0.1144
vn -0.0000 -1.0000 -0.0000
vn 0.0813 -0.9891 0.1227
vn 0.0747 -0.9880 0.1354
vn 0.0738 -0.9890 0.1279
vn 0.0545 -0.9891 0.1370
vn 0.0539 -0.9884 0.1422
vn 0.1535 -0.9014 0.4048
vn 0.1372 -0.7277 0.6720
vn 0.0866 -0.9014 0.4242
vn 0.1760 -0.4756 0.8619
vn 0.0354 -0.4756 0.8790
vn 0.0276 -0.7277 0.6853
vn 0.0589 -0.2228 0.9731
vn 0.0397 -0.1657 0.9854
vn -0.0199 -0.1662 0.9859
vn -0.1189 -0.1657 0.9790
vn -0.1060 -0.4756 0.8733
vn -0.1308 -0.1323 0.9825
vn -0.2447 -0.4756 0.8450
vn -0.2729 -0.1941 0.9423
vn -0.3771 -0.4756 0.7947
vn -0.2447 -0.4756 0.8449
vn -0.2852 -0.1659 0.9440
vn -0.4228 -0.1657 0.8910
vn -0.3800 -0.2699 0.8847
vn -0.4608 -0.1661 0.8718
vn -0.5602 -0.1657 0.8116
vn -0.4997 -0.4756 0.7240
vn -0.6851 -0.1478 0.7133
vn -0.6094 -0.4756 0.6344
vn -0.5539 -0.1822 0.8124
vn -0.5633 -0.0000 0.8262
vn -0.6886 -0.0000 0.7252
vn -0.6791 -0.1656 0.7152
vn -0.7548 -0.1662 0.6346
vn -0.7654 -0.0000 0.6435
vn -0.6809 0.1491 0.7171
vn -0.6831 0.1657 0.7112
vn -0.7548 0.1662 0.6346
vn -0.7884 0.1657 0.5924
vn -0.7912 0.2387 0.5631
vn -0.7033 0.4756 0.5285
vn -0.6094 0.4756 0.6344
vn -0.6073 0.7277 0.3187
vn -0.7789 0.4756 0.4088
vn -0.8344 0.4756 0.2786
vn -0.6506 0.7277 0.2172
vn -0.6770 0.7277 0.1100
vn -0.4273 0.9014 0.0694
vn -0.1533 0.9878 0.0285
vn -0.1386 0.9904 -0.0000
vn -0.1457 0.9890 0.0237
vn -0.4329 0.9014 -0.0000
vn -0.4273 0.9014 -0.0694
vn -0.1479 0.9890 0.0033
vn -0.1513 0.9882 -0.0246
vn -0.1464 0.9891 -0.0152
vn -0.4106 0.9014 -0.1371
vn -0.1400 0.9890 -0.0468
vn -0.1449 0.9891 -0.0269
vn -0.6770 0.7277 -0.1100
vn -0.6506 0.7277 -0.2172
vn -0.8683 0.4756 -0.1411
vn -0.9695 0.1879 -0.1576
vn -0.9747 0.1658 -0.1498
vn -0.9853 0.1661 -0.0397
vn -0.9748 0.2231 -0.0000
vn -0.8797 0.4756 -0.0000
vn -0.9884 -0.0000 -0.1519
vn -0.9992 -0.0000 -0.0403
vn -0.9703 -0.1904 -0.1491
vn -0.9381 -0.1656 -0.3042
vn -0.9512 -0.0000 -0.3085
vn -0.9395 -0.1379 -0.3136
vn -0.8344 -0.4756 -0.2786
vn -0.8683 -0.4756 -0.1411
vn -0.9734 -0.1657 -0.1582
vn -0.6770 -0.7277 -0.1100
vn -0.8797 -0.4756 -0.0000
vn -0.6859 -0.7277 -0.0000
vn -0.4273 -0.9014 -0.0694
vn -0.4329 -0.9014 -0.0000
vn -0.1513 -0.9882 0.0246
vn -0.1402 -0.9901 0.0032
vn -0.4273 -0.9014 0.0694
vn -0.1476 -0.9890 -0.0000
vn -0.1464 -0.9891 -0.0152
vn -0.1533 -0.9878 -0.0285
vn -0.1219 -0.9891 -0.0827
vn -0.1246 -0.9871 -0.1001
vn -0.1180 -0.9890 -0.0887
vn -0.1026 -0.9890 -0.1061
vn -0.3461 -0.9014 -0.2601
vn -0.1030 -0.9889 -0.1072
vn -0.2999 -0.9014 -0.3122
vn -0.4751 -0.7277 -0.4947
vn -0.5483 -0.7277 -0.4120
vn -0.3833 -0.9014 -0.2012
vn -0.6073 -0.7277 -0.3187
vn -0.1436 -0.9885 -0.0479
vn -0.1277 -0.9897 -0.0650
vn -0.4106 -0.9014 -0.1371
vn -0.1307 -0.9890 -0.0686
vn -0.1457 -0.9890 -0.0237
vn -0.1405 -0.9891 -0.0449
vn -0.6506 -0.7277 -0.2172
vn -0.7789 -0.4756 -0.4088
vn -0.3896 -0.7277 -0.5645
vn -0.2459 -0.9014 -0.3563
vn -0.2940 -0.7277 -0.6197
vn -0.1856 -0.9014 -0.3911
vn -0.0839 -0.9890 -0.1215
vn -0.0682 -0.9891 -0.1305
vn -0.0663 -0.9880 -0.1398
vn -0.0411 -0.9890 -0.1418
vn -0.0427 -0.9908 -0.1285
vn -0.1204 -0.9014 -0.4158
vn -0.0522 -0.9014 -0.4297
vn -0.0827 -0.7277 -0.6809
vn -0.1908 -0.7277 -0.6588
vn 0.0276 -0.7277 -0.6853
vn 0.0174 -0.9014 -0.4325
vn -0.0178 -0.9890 -0.1466
vn 0.0062 -0.9880 -0.1540
vn 0.0017 -0.9891 -0.1474
vn 0.0866 -0.9014 -0.4242
vn 0.0295 -0.9890 -0.1447
vn 0.0237 -0.9904 -0.1362
vn 0.0432 -0.9891 -0.1407
vn 0.0567 -0.9882 -0.1426
vn 0.1203 -0.9876 -0.1012
vn 0.1105 -0.9890 -0.0979
vn 0.1239 -0.9891 -0.0801
vn 0.1272 -0.9886 -0.0805
vn 0.1323 -0.9895 -0.0579
vn 0.1358 -0.9890 -0.0579
vn 0.1413 -0.9891 -0.0417
vn 0.1577 -0.9869 -0.0330
vn 0.1434 -0.9890 -0.0353
vn 0.1472 -0.9890 -0.0119
vn 0.1472 -0.9890 0.0119
vn 0.1273 -0.9907 0.0490
vn 0.1358 -0.9890 0.0579
vn 0.1297 -0.9891 0.0697
vn 0.3983 -0.9014 0.1697
vn 0.1269 -0.9885 0.0820
vn 0.3659 -0.9014 0.2314
vn 0.1248 -0.9890 0.0789
vn 0.1128 -0.9891 0.0949
vn 0.5797 -0.7277 0.3666
vn 0.6310 -0.7277 0.2688
vn 0.4203 -0.9014 0.1036
vn 0.6659 -0.7277 0.1641
vn 0.8541 -0.4756 0.2105
vn 0.8093 -0.4756 0.3448
vn 0.9470 -0.2205 0.2334
vn 0.9073 -0.1657 0.3865
vn 0.9495 -0.1661 0.2662
vn 0.9629 -0.0000 0.2699
vn 0.9050 -0.2148 0.3673
vn 0.9815 -0.0000 0.1916
vn 0.9678 0.1662 0.1889
vn 0.9312 0.2544 0.2610
vn 0.9968 -0.0000 0.0805
vn 0.9678 -0.1662 0.1889
vn 0.9830 -0.1657 0.0794
vn 0.8768 -0.4756 -0.0708
vn 0.9830 -0.1657 -0.0794
vn 0.8768 -0.4756 0.0708
vn 0.6837 -0.7277 -0.0552
vn 0.6837 -0.7277 0.0552
vn 0.4315 -0.9014 -0.0348
vn 0.4315 -0.9014 0.0348
vn 0.4203 -0.9014 -0.1036
vn 0.9968 -0.0000 -0.0805
vn 0.9815 -0.0000 -0.1916
vn 0.9678 -0.1662 -0.1889
vn 0.9312 -0.2544 -0.2610
vn 0.9629 -0.0000 -0.2699
vn 0.5134 -0.7277 0.4548
vn 0.1501 -0.9880 0.0370
vn 0.1442 -0.9891 0.0302
vn 0.1047 -0.9891 -0.1035
vn -0.0285 -0.9891 -0.1444
vn -0.0171 -0.9887 -0.1489
vn 0.1372 -0.7277 -0.6720
vn -0.0836 -0.9892 -0.1203
vn -0.1195 -0.9905 0.0677
vn -0.1307 -0.9890 0.0686
vn -0.1361 -0.9891 0.0559
vn -0.3833 -0.9014 0.2012
vn -0.1450 -0.9883 0.0464
vn -0.1400 -0.9890 0.0468
vn -0.4106 -0.9014 0.1371
vn -0.6506 -0.7277 0.2172
vn -0.6073 -0.7277 0.3187
vn -0.8344 -0.4756 0.2786
vn -0.7789 -0.4756 0.4088
vn -0.8509 -0.2308 0.4719
vn -0.8732 -0.1657 0.4583
vn -0.8980 -0.1662 0.4073
vn -0.9354 -0.1657 0.3123
vn -0.7806 -0.2159 0.5866
vn -0.7033 -0.4756 0.5285
vn -0.8034 -0.1660 0.5718
vn -0.5483 -0.7277 0.4120
vn -0.4751 -0.7277 0.4947
vn -0.2459 -0.9014 0.3563
vn -0.2999 -0.9014 0.3122
vn -0.3896 -0.7277 0.5645
vn -0.1856 -0.9014 0.3911
vn -0.2940 -0.7277 0.6197
vn -0.0411 -0.9890 0.1418
vn -0.0575 -0.9891 0.1356
vn -0.1204 -0.9014 0.4158
vn -0.0663 -0.9880 0.1398
vn -0.0717 -0.9909 0.1138
vn -0.0839 -0.9890 0.1215
vn -0.0934 -0.9891 0.1137
vn -0.1034 -0.9889 0.1070
vn -0.1023 -0.9890 0.1065
vn -0.1149 -0.9891 0.0923
vn -0.1235 -0.9880 0.0928
vn -0.3461 -0.9014 0.2601
vn 0.0135 -0.9891 0.1466
vn 0.0018 -0.9874 0.1585
vn 0.0059 -0.9890 0.1475
vn 0.0174 -0.9014 0.4325
vn 0.0866 -0.9014 0.4241
vn 0.0295 -0.9890 0.1447
vn -0.0827 -0.7277 0.6809
vn -0.0522 -0.9014 0.4297
vn -0.1908 -0.7277 0.6588
vn -0.0180 -0.9887 0.1486
vn -0.0168 -0.9891 0.1466
vn 0.0307 -0.9898 0.1389
vn -0.0396 -0.9894 0.1400
vn -0.9107 -0.0000 0.4130
vn -0.9512 -0.0000 0.3085
vn -0.9418 -0.1407 0.3054
vn -0.9884 -0.0000 0.1519
vn -0.9747 -0.1658 0.1498
vn -0.9695 -0.1879 0.1576
vn -0.9862 -0.1657 -0.0000
vn -0.8683 -0.4756 0.1411
vn -0.9992 -0.0000 0.0403
vn -0.9599 -0.2776 0.0387
vn -0.9853 -0.1661 -0.0397
vn -0.9703 0.1904 0.1491
vn -0.9734 0.1657 0.1582
vn -0.9853 0.1661 0.0397
vn -0.9395 0.1379 0.3136
vn -0.8683 0.4756 0.1411
vn -0.6859 0.7277 -0.0000
vn -0.9381 0.1656 0.3042
vn -0.8980 0.1662 0.4073
vn -0.8745 -0.0000 0.4850
vn -0.8624 0.1660 0.4783
vn -0.8652 0.2127 0.4541
vn -0.8147 -0.0000 0.5798
vn -0.6770 -0.7277 0.1100
vn -0.1449 -0.9891 0.0269
vn -0.8980 -0.1662 -0.4073
vn -0.8652 -0.2127 -0.4541
vn -0.9107 -0.0000 -0.4130
vn -0.9418 0.1407 -0.3054
vn -0.5587 0.1811 0.8094
vn -0.4997 0.4756 0.7240
vn -0.4179 0.2228 0.8807
vn -0.4608 0.1661 0.8718
vn -0.5555 0.1658 0.8148
vn -0.3771 0.4756 0.7947
vn -0.2447 0.4756 0.8449
vn -0.2744 0.1657 0.9472
vn -0.3891 0.1661 0.9061
vn -0.3946 -0.0000 0.9188
vn -0.2893 -0.0000 0.9573
vn -0.2835 0.1986 0.9382
vn -0.4673 -0.0000 0.8841
vn -0.1320 -0.0000 0.9913
vn -0.0201 -0.0000 0.9998
vn 0.0604 -0.0000 0.9982
vn 0.1694 -0.1660 0.9715
vn 0.1718 -0.0000 0.9851
vn 0.2505 -0.0000 0.9681
vn 0.2470 -0.1662 0.9547
vn 0.1952 -0.2185 0.9561
vn 0.3573 -0.0000 0.9340
vn 0.3524 -0.1657 0.9211
vn 0.3528 0.1574 0.9223
vn 0.4924 0.1737 0.8529
vn 0.4955 0.1658 0.8526
vn 0.5025 -0.0000 0.8646
vn 0.5961 -0.0000 0.8029
vn 0.5878 0.1661 0.7917
vn 0.6167 0.2220 0.7553
vn 0.6497 0.1661 0.7419
vn 0.6588 -0.0000 0.7523
vn 0.7389 -0.0000 0.6738
vn 0.7229 0.2067 0.6593
vn 0.7382 0.1657 0.6540
vn 0.5564 0.4756 0.6814
vn 0.6585 0.4756 0.5833
vn 0.4338 0.7277 0.5313
vn 0.3429 0.7277 0.5940
vn 0.4398 0.4756 0.7618
vn 0.5134 0.7277 0.4548
vn 0.3497 0.1657 0.9221
vn 0.2470 0.1662 0.9547
vn 0.1665 0.2466 0.9547
vn 0.9575 0.1657 0.2360
vn 0.8310 0.1238 -0.5424
vn 0.5025 -0.0000 -0.8646
vn 0.5961 -0.0000 -0.8029
vn 0.4948 0.1740 -0.8514
vn 0.3573 -0.0000 -0.9340
vn 0.3502 0.1571 -0.9234
vn 0.3524 0.1657 -0.9211
vn 0.2470 0.1662 -0.9547
vn 0.4931 0.1657 -0.8541
vn 0.5878 0.1661 -0.7917
vn 0.3528 -0.1574 -0.9223
vn 0.0913 0.9890 -0.1163
vn 0.1442 0.9891 -0.0302
vn 0.1472 0.9890 -0.0119
vn 0.0135 0.9891 0.1466
vn 0.0319 0.9890 0.1444
vn 0.0062 0.9880 0.1540
vn 0.0174 0.9014 0.4325
vn -0.0402 0.9890 0.1422
vn -0.1405 0.9891 0.0449
vn -0.3896 0.7277 -0.5645
vn -0.2459 0.9014 -0.3563
vn -0.4997 0.4756 -0.7240
vn -0.6094 0.4756 -0.6344
vn -0.6791 0.1656 -0.7152
vn -0.6851 0.1478 -0.7133
vn -0.7548 0.1662 -0.6346
vn -0.7806 0.2159 -0.5866
vn -0.5539 0.1822 -0.8124
vn -0.5602 0.1657 -0.8116
vn -0.4673 -0.0000 -0.8841
vn -0.4608 0.1661 -0.8718
vn -0.3771 0.4756 -0.7947
vn 0.0276 0.7277 -0.6853
vn -0.0467 0.9890 -0.1407
vn 0.9937 -0.0000 -0.1120
vn 0.9188 -0.0000 -0.3947
vn 0.9810 -0.0461 -0.1884
vn 0.9994 -0.0000 0.0347
vn 0.9907 0.0774 0.1116
vn 0.9439 -0.0000 0.3303
vn 0.9547 -0.0000 0.2975
vn 0.8558 -0.0000 0.5173
vn 0.7071 -0.0000 0.7071
vn 0.7484 -0.0150 0.6630
vn 0.8892 -0.0000 0.4575
vn 0.8433 0.0895 0.5299
vn 0.7693 -0.0560 0.6364
vn 0.6094 -0.0000 0.7929
vn 0.5292 0.1022 0.8423
vn 0.3303 -0.0000 0.9439
vn 0.2975 -0.0000 0.9547
vn -0.1803 -0.0000 0.9836
vn -0.1205 -0.0150 0.9926
vn 0.2121 0.0013 0.9773
vn 0.1112 0.1155 0.9871
vn -0.1120 -0.0007 0.9937
vn -0.3303 -0.0040 0.9439
vn -0.2162 0.0617 0.9744
vn -0.4274 -0.0000 0.9041
vn -0.5320 -0.0000 0.8467
vn -0.6102 0.0574 0.7902
vn -0.7720 -0.0000 0.6356
vn -0.7071 -0.0080 0.7071
vn -0.8467 -0.0000 0.5320
vn -0.7872 -0.0000 0.6167
vn -0.9119 -0.0000 0.4104
vn -0.8854 -0.0150 0.4647
vn -0.6802 -0.0000 0.7330
vn -0.4851 -0.0070 0.8745
vn -0.6167 0.0112 0.7871
vn -0.9836 -0.0000 0.1803
vn -0.9999 -0.0150 -0.0000
vn -0.9982 -0.0000 -0.0604
vn -0.9547 -0.0000 -0.2975
vn -0.8854 -0.0150 -0.4647
vn -0.8558 -0.0000 -0.5173
vn -0.7071 -0.0000 -0.7071
vn -0.5680 -0.0150 -0.8229
vn -0.5173 -0.0000 -0.8558
vn -0.1205 -0.0150 -0.9926
vn -0.2975 -0.0000 -0.9547
vn -0.0604 -0.0000 -0.9982
vn 0.1803 -0.0000 -0.9836
vn 0.4104 -0.0000 -0.9119
vn 0.3546 -0.0150 -0.9349
vn 0.5320 -0.0000 -0.8467
vn 0.3736 -0.0000 -0.9276
vn 0.3302 -0.0162 -0.9438
vn 0.1577 0.0275 -0.9871
vn 0.1120 -0.0000 -0.9937
vn -0.0575 -0.0000 -0.9983
vn -0.1120 -0.0167 -0.9936
vn -0.2781 0.0325 -0.9600
vn -0.4777 -0.0000 -0.8785
vn -0.3303 -0.0000 -0.9439
vn -0.6607 0.0375 -0.7497
vn -0.5320 -0.0165 -0.8466
vn -0.8466 -0.0155 -0.5320
vn -0.8066 -0.0000 -0.5911
vn -0.9171 0.0425 -0.3964
vn -0.9439 -0.0000 -0.3303
vn -0.9816 -0.0000 -0.1908
vn -0.9936 -0.0137 -0.1120
vn -0.9983 0.0474 0.0324
vn -0.9693 -0.0000 0.2459
vn -0.9937 -0.0000 0.1120
vn -0.9438 -0.0113 0.3303
vn -0.8891 0.0524 0.4548
vn 0.5635 0.0225 -0.8258
vn 0.7071 -0.0080 -0.7071
vn 0.7225 -0.0194 -0.6911
vn 0.6167 -0.0000 -0.7872
vn 0.7871 0.0113 -0.6167
vn 0.6898 -0.0080 -0.7239
vn 0.8431 -0.0000 -0.5378
vn 0.9708 -0.0150 -0.2393
vn 0.9119 -0.0000 -0.4104
vn 0.9836 -0.0000 -0.1803
vn 0.8073 -0.0411 -0.5887
vn 0.8467 -0.0000 -0.5320
vn 0.9418 0.0661 -0.3296
vn 0.7720 -0.0000 -0.6356
vn 0.9982 -0.0000 0.0604
vn 0.9708 -0.0150 0.2393
vn -0.4104 -0.0000 0.9119
vn 0.4245 -0.0609 0.9034
vn 0.3546 -0.0150 0.9349
vn 0.5173 -0.0000 0.8558
vn 0.9675 -0.0510 0.2478
vn -0.7485 -0.0000 -0.6631
vn -0.3546 -0.0000 -0.9350
vn 0.1205 -0.0000 -0.9927
vn 0.5681 -0.0000 -0.8230
vn 0.8855 -0.0000 -0.4647
vn 1.0000 -0.0000 -0.0000
vn 0.3101 0.6634 0.6810
vn 0.1761 0.6801 0.7117
vn 0.2728 0.6554 0.7043
vn 0.1377 0.6620 0.7367
vn 0.1737 0.4386 0.8817
vn 0.3079 0.4088 0.8591
vn 0.2707 0.3956 0.8776
vn 0.1361 0.4080 0.9028
vn -0.0000 0.4080 0.9130
vn -0.1335 0.4451 0.8855
vn 0.0346 0.3808 0.9240
vn -0.1023 0.4068 0.9078
vn -0.2454 0.3864 0.8891
vn -0.2691 0.4080 0.8724
vn -0.3715 0.4071 0.8344
vn -0.3905 0.4359 0.8109
vn -0.5143 0.4080 0.7543
vn -0.6149 0.4276 0.6627
vn -0.5011 0.3919 0.7716
vn -0.7138 0.4080 0.5692
vn -0.6060 0.4073 0.6833
vn -0.7859 0.4201 0.4537
vn -0.7088 0.3973 0.5828
vn -0.7839 0.4076 0.4684
vn -0.8499 0.4080 0.3336
vn -0.8495 0.4027 0.3408
vn -0.5920 0.6705 0.4471
vn -0.5881 0.6611 0.4659
vn -0.6709 0.6620 0.3341
vn -0.6701 0.6581 0.3434
vn -0.7208 0.6540 0.2296
vn -0.7176 0.6659 0.2042
vn -0.7463 0.6620 0.0692
vn -0.7326 0.6635 0.1518
vn -0.7463 0.6620 -0.0692
vn -0.7209 0.6620 -0.2051
vn -0.8862 0.4132 -0.2093
vn -0.9104 0.4080 -0.0682
vn -0.8901 0.4080 -0.2032
vn -0.9104 0.4080 0.0682
vn -0.8876 0.4136 0.2026
vn -0.8886 0.4078 0.2098
vn -0.8518 0.4034 -0.3343
vn -0.7907 0.4080 -0.4565
vn -0.8473 0.4082 -0.3399
vn -0.7797 0.4184 -0.4658
vn -0.7166 0.3998 -0.5715
vn -0.6210 0.4080 -0.6693
vn -0.7051 0.4083 -0.5798
vn -0.5170 0.3972 -0.7583
vn -0.6011 0.4236 -0.6777
vn -0.4971 0.4085 -0.7655
vn -0.3961 0.4080 -0.8226
vn -0.3675 0.4287 -0.8254
vn -0.4916 0.6627 -0.5649
vn -0.3946 0.6620 -0.6372
vn -0.5080 0.6568 -0.5573
vn -0.5823 0.6695 -0.4612
vn -0.5981 0.6620 -0.4517
vn -0.6667 0.6624 -0.3417
vn -0.9709 -0.0000 -0.2393
vn -0.9709 -0.0000 0.2393
vn -0.7485 -0.0000 0.6631
vn -0.3546 -0.0000 0.9350
vn 0.1205 -0.0000 0.9927
vn 0.5681 -0.0000 0.8230
vn 0.8855 -0.0000 0.4647
vn -0.1017 0.6767 -0.7292
vn 0.0346 0.6632 -0.7476
vn -0.0000 0.6550 -0.7556
vn 0.1377 0.6620 -0.7367
vn 0.1737 0.4386 -0.8817
vn 0.0341 0.4087 -0.9120
vn 0.1361 0.4080 -0.9028
vn -0.0000 0.3951 -0.9186
vn -0.1009 0.4337 -0.8954
vn -0.1361 0.4080 -0.9028
vn -0.2428 0.4086 -0.8798
vn -0.2728 0.6554 -0.7043
vn -0.1377 0.6620 -0.7367
vn -0.2461 0.6630 -0.7070
vn -0.3673 0.6732 -0.6418
vn -0.2707 0.3956 -0.8776
vn 0.2707 0.3956 -0.8776
vn 0.3961 0.4080 -0.8226
vn 0.3079 0.4088 -0.8591
vn 0.4306 0.4435 -0.7860
vn 0.2675 0.6721 -0.6905
vn 0.2318 0.6453 -0.7279
vn 0.3101 0.6634 -0.6810
vn 0.3946 0.6620 -0.6372
vn 0.4264 0.6834 -0.5926
vn 0.5080 0.6568 -0.5573
vn 0.5528 0.4089 -0.7261
vn 0.6461 0.4484 -0.6177
vn 0.6210 0.4080 -0.6693
vn 0.5170 0.3972 -0.7583
vn 0.7166 0.3998 -0.5715
vn 0.7907 0.4080 -0.4565
vn 0.7462 0.4089 -0.5253
vn 0.8002 0.4532 -0.3928
vn 0.8700 0.4089 -0.2755
vn 0.8518 0.4034 -0.3343
vn 0.8901 0.4080 -0.2032
vn 0.8791 0.4579 -0.1325
vn 0.9104 0.4080 -0.0682
vn 0.8791 0.4579 0.1325
vn 0.9104 0.4080 0.0682
vn 0.8901 0.4080 0.2032
vn 0.8518 0.4034 0.3343
vn 0.8700 0.4089 0.2755
vn 0.7553 0.4893 0.4361
vn 0.7462 0.4089 0.5253
vn 0.7166 0.3998 0.5715
vn 0.8206 0.4055 0.4028
vn 0.6210 0.4080 0.6693
vn 0.6461 0.4484 0.6177
vn 0.5528 0.4089 0.7261
vn 0.4264 0.6834 0.5926
vn 0.3946 0.6620 0.6372
vn 0.5080 0.6568 0.5573
vn 0.5411 0.6635 0.5167
vn 0.6136 0.6867 0.3898
vn 0.5981 0.6620 0.4517
vn 0.6733 0.6590 0.3353
vn 0.7209 0.6620 0.2051
vn 0.6944 0.6636 0.2783
vn 0.7116 0.6898 0.1330
vn 0.7463 0.6620 0.0692
vn 0.7116 0.6898 -0.1330
vn 0.7463 0.6620 -0.0692
vn 0.6944 0.6636 -0.2783
vn 0.7209 0.6620 -0.2051
vn 0.6136 0.6867 -0.3898
vn 0.6733 0.6590 -0.3353
vn 0.5411 0.6635 -0.5167
vn 0.5981 0.6620 -0.4517
vn 0.6028 -0.7627 -0.2344
vn 0.5566 -0.7590 -0.3378
vn 0.5727 -0.7502 -0.3306
vn 0.6425 -0.7579 -0.1133
vn 0.6425 -0.7579 0.1133
vn 0.6028 -0.7627 0.2344
vn 0.0565 -0.7616 0.6456
vn 0.1927 -0.7250 0.6612
vn 0.2231 -0.7579 0.6131
vn -0.0000 -0.7397 0.6729
vn 0.0322 -0.3176 0.9477
vn 0.1730 -0.3190 0.9318
vn 0.2252 -0.6010 0.7669
vn 0.2685 -0.3028 0.9145
vn -0.0000 -0.6010 0.7993
vn -0.0000 -0.3043 0.9526
vn -0.2252 -0.6010 0.7669
vn -0.2682 -0.3061 0.9134
vn -0.2423 -0.3174 0.9168
vn -0.1029 -0.3191 0.9421
vn 0.1305 -0.0000 -0.9914
vn 0.3827 -0.0000 -0.9239
vn 0.6088 -0.0000 -0.7934
vn -0.4321 -0.6010 0.6724
vn -0.6040 -0.6010 0.5234
vn -0.7184 -0.3107 0.6225
vn -0.7270 -0.6010 0.3320
vn -0.8638 -0.3134 0.3945
vn -0.8601 -0.3166 0.3999
vn -0.7902 -0.3193 0.5231
vn -0.7083 -0.3169 0.6308
vn -0.5727 -0.7502 0.3306
vn -0.4292 -0.7444 0.5115
vn -0.5566 -0.7590 0.3378
vn -0.4770 -0.7625 0.4371
vn -0.3956 -0.7600 0.5156
vn -0.4966 0.6541 0.5706
vn -0.3729 0.6606 0.6516
vn -0.5049 0.6620 0.5539
vn -0.3880 0.6759 0.6266
vn -0.2708 0.6620 0.6989
vn -0.2498 0.6499 0.7178
vn -0.1038 0.6600 0.7441
vn 0.0353 0.6457 0.7628
vn -0.1344 0.6820 0.7189
vn -0.2864 -0.7621 0.5807
vn -0.2297 -0.7409 0.6311
vn -0.1816 -0.7609 0.6230
vn -0.0565 -0.7616 0.6456
vn -0.6425 -0.7579 -0.1133
vn -0.6028 -0.7627 -0.2344
vn -0.5650 -0.7579 -0.3262
vn -0.5677 -0.7477 -0.3445
vn -0.9074 -0.3193 -0.2732
vn -0.9390 -0.3164 -0.1350
vn -0.7911 -0.6010 -0.1137
vn -0.7911 -0.6010 0.1137
vn -0.9390 -0.3164 0.1350
vn -0.7270 -0.6010 -0.3320
vn 0.9914 -0.0000 0.1305
vn 0.9239 -0.0000 0.3827
vn 0.7934 -0.0000 0.6088
vn 0.6088 -0.0000 0.7934
vn 0.3827 -0.0000 0.9239
vn -0.2252 -0.6010 -0.7669
vn -0.0000 -0.6010 -0.7993
vn -0.0000 -0.3164 -0.9486
vn 0.2252 -0.6010 -0.7669
vn 0.2673 -0.3164 -0.9102
vn 0.3063 -0.2954 -0.9049
vn 0.1730 -0.3190 -0.9318
vn 0.0324 -0.2990 -0.9537
vn 0.2297 -0.7409 -0.6311
vn -0.0000 -0.7397 -0.6729
vn 0.1816 -0.7609 -0.6230
vn 0.0565 -0.7616 -0.6456
vn -0.0565 -0.7616 -0.6456
vn -0.1927 -0.7250 -0.6612
vn -0.2864 -0.7621 -0.5807
vn -0.2231 -0.7579 -0.6131
vn -0.4194 -0.7579 -0.4998
vn -0.5129 -0.3164 -0.7980
vn -0.4983 -0.3060 -0.8112
vn -0.3701 -0.3192 -0.8724
vn -0.4321 -0.6010 -0.6724
vn -0.2673 -0.3164 -0.9102
vn -0.2436 -0.3025 -0.9215
vn -0.1029 -0.3191 -0.9421
vn -0.6040 -0.6010 -0.5234
vn -0.7169 -0.3164 -0.6212
vn -0.6059 -0.3192 -0.7287
vn -0.7101 -0.3095 -0.6324
vn -0.7902 -0.3193 -0.5231
vn -0.4116 -0.7367 -0.5365
vn -0.4770 -0.7625 -0.4371
vn 0.3956 -0.7600 -0.5156
vn 0.2864 -0.7621 -0.5807
vn 0.4770 -0.7625 -0.4371
vn 0.4292 -0.7444 -0.5115
vn 0.5129 -0.3164 -0.7980
vn 0.5548 -0.2918 -0.7791
vn 0.6587 -0.3189 -0.6815
vn 0.4321 -0.6010 -0.6724
vn 0.6040 -0.6010 -0.5234
vn 0.7169 -0.3164 -0.6212
vn 0.7567 -0.2882 -0.5868
vn 0.7270 -0.6010 -0.3320
vn -0.9239 -0.0000 0.3827
vn -0.7934 -0.0000 0.6088
vn -0.9914 -0.0000 0.1305
vn -0.9914 -0.0000 -0.1305
vn -0.9239 -0.0000 -0.3827
vn 0.7270 -0.6010 0.3320
vn 0.6040 -0.6010 0.5234
vn 0.7208 -0.3007 0.6246
vn 0.4321 -0.6010 0.6724
vn 0.5155 -0.3016 0.8021
vn 0.5499 -0.3180 0.7723
vn 0.6587 -0.3189 0.6815
vn 0.7492 -0.3182 0.5810
vn 0.4194 -0.7579 0.4998
vn 0.5650 -0.7579 0.3262
vn 0.4116 -0.7367 0.5365
vn 0.4770 -0.7625 0.4371
vn 0.8272 -0.3188 0.4627
vn 0.8677 -0.3000 0.3963
vn 0.8848 -0.3183 0.3403
vn 0.9255 -0.3186 0.2046
vn 0.9453 -0.3185 0.0708
vn 0.9443 -0.2997 0.1358
vn 0.7911 -0.6010 -0.1137
vn 0.9390 -0.3164 -0.1350
vn 0.7911 -0.6010 0.1137
vn 0.9570 -0.2809 -0.0717
vn 0.4343 -0.3190 0.8424
vn -0.7934 -0.0000 -0.6088
vn -0.6088 -0.0000 -0.7934
vn -0.3827 -0.0000 -0.9239
vn -0.1305 -0.0000 -0.9914
vn -0.6088 -0.0000 0.7934
vn -0.3827 -0.0000 0.9239
vn -0.1305 -0.0000 0.9914
vn 0.1305 -0.0000 0.9914
vn 0.8629 -0.3164 -0.3941
vn 0.9255 -0.3186 -0.2046
vn 0.8947 -0.2846 -0.3442
vn 0.8272 -0.3188 -0.4627
vn 0.4343 -0.3190 -0.8424
vn 0.9914 -0.0000 -0.1305
vn 0.9239 -0.0000 -0.3827
vn 0.7934 -0.0000 -0.6088
vn -0.8629 -0.3164 -0.3941
vn -0.9074 -0.3193 0.2732
vn -0.8612 -0.3129 -0.4004
vn -0.6425 -0.7579 0.1133
vn -0.6028 -0.7627 0.2344
vn -0.4964 -0.3171 0.8081
vn -0.3701 -0.3192 0.8724
vn -0.6059 -0.3192 0.7287
vn -0.5143 -0.3082 0.8003
vn 0.3040 -0.3178 0.8981
vn 0.2864 -0.7621 0.5807
vn 0.5677 -0.7477 0.3445
vn 0.4306 0.4435 0.7860
vn 0.5170 0.3972 0.7583
vn 0.3961 0.4080 0.8226
vn 0.1193 0.6528 -0.7481
vn -0.7152 0.6658 -0.2125
vn -0.6733 0.6590 -0.3353
vn -0.0000 0.6620 0.7495
s 0
usemtl Material.007
f 2//1 3//1 1//1
f 1//1 6//1 2//1
f 1//1 3//1 4//1
f 5//1 1//1 4//1
f 8//1 2//1 6//1
f 6//1 7//1 8//1
f 2//2 8//2 9//2
f 10//3 9//3 8//3
f 8//4 11//4 10//4
f 11//1 8//1 7//1
f 7//1 12//1 11//1
f 13//1 11//1 12//1
f 11//5 13//5 14//5
f 14//6 10//6 11//6
f 16//7 10//7 14//7
f 15//8 14//8 13//8
f 17//9 14//9 15//9
f 14//7 17//7 16//7
f 17//10 19//10 18//10
f 18//10 16//10 17//10
f 15//9 20//9 17//9
f 19//11 17//11 20//11
f 21//12 20//12 22//12
f 20//11 21//11 19//11
f 23//13 22//13 20//13
f 20//13 15//13 23//13
f 22//14 23//14 25//14
f 26//15 24//15 23//15
f 25//16 23//16 24//16
f 23//17 15//17 26//17
f 29//1 24//1 26//1
f 15//18 27//18 26//18
f 26//1 27//1 28//1
f 26//1 28//1 29//1
f 29//1 30//1 31//1
f 31//1 24//1 29//1
f 31//19 32//19 33//19
f 32//1 31//1 30//1
f 24//20 31//20 25//20
f 33//21 25//21 31//21
f 33//22 32//22 37//22
f 34//23 33//23 35//23
f 33//24 34//24 36//24
f 35//25 33//25 37//25
f 36//24 25//24 33//24
f 39//1 38//1 37//1
f 40//1 37//1 38//1
f 37//1 32//1 39//1
f 37//26 40//26 35//26
f 41//1 42//1 40//1
f 40//1 38//1 41//1
f 40//27 42//27 43//27
f 43//28 35//28 40//28
f 45//29 43//29 42//29
f 44//30 35//30 43//30
f 43//30 46//30 44//30
f 46//31 43//31 45//31
f 47//32 46//32 48//32
f 46//33 47//33 49//33
f 45//31 48//31 46//31
f 49//33 44//33 46//33
f 50//34 49//34 47//34
f 49//35 50//35 51//35
f 51//35 52//35 49//35
f 44//36 49//36 52//36
f 52//36 34//36 44//36
f 34//37 52//37 53//37
f 54//38 53//38 52//38
f 52//38 51//38 54//38
f 53//39 54//39 55//39
f 55//40 54//40 57//40
f 54//41 51//41 56//41
f 56//42 57//42 54//42
f 58//43 57//43 59//43
f 57//44 58//44 55//44
f 57//45 56//45 60//45
f 60//45 59//45 57//45
f 61//46 60//46 56//46
f 59//47 60//47 62//47
f 60//48 61//48 62//48
f 64//49 62//49 61//49
f 63//50 62//50 64//50
f 62//51 63//51 65//51
f 65//51 66//51 62//51
f 62//52 66//52 59//52
f 67//53 68//53 66//53
f 66//53 65//53 67//53
f 66//54 68//54 69//54
f 69//55 59//55 66//55
f 59//43 69//43 58//43
f 71//56 58//56 69//56
f 68//57 70//57 69//57
f 69//56 70//56 71//56
f 72//58 71//58 70//58
f 71//59 72//59 73//59
f 73//60 55//60 71//60
f 58//61 71//61 55//61
f 74//62 55//62 73//62
f 73//62 21//62 74//62
f 21//63 73//63 75//63
f 75//64 73//64 72//64
f 19//65 75//65 76//65
f 76//66 75//66 77//66
f 72//67 77//67 75//67
f 75//63 19//63 21//63
f 78//68 77//68 79//68
f 77//69 78//69 76//69
f 77//70 72//70 80//70
f 80//70 79//70 77//70
f 79//71 80//71 81//71
f 80//72 70//72 68//72
f 70//58 80//58 72//58
f 68//73 81//73 80//73
f 81//74 84//74 79//74
f 82//75 81//75 68//75
f 81//76 82//76 83//76
f 83//76 84//76 81//76
f 85//77 79//77 84//77
f 84//78 87//78 85//78
f 86//79 87//79 84//79
f 84//80 83//80 86//80
f 91//81 88//81 87//81
f 87//82 88//82 85//82
f 87//83 86//83 89//83
f 89//83 90//83 87//83
f 87//84 90//84 91//84
f 88//85 91//85 92//85
f 93//86 92//86 91//86
f 91//86 94//86 93//86
f 94//87 91//87 90//87
f 95//88 93//88 94//88
f 94//88 96//88 95//88
f 96//89 94//89 97//89
f 90//90 97//90 94//90
f 98//91 97//91 90//91
f 97//92 98//92 99//92
f 99//92 100//92 97//92
f 97//93 100//93 101//93
f 101//94 96//94 97//94
f 102//95 104//95 101//95
f 101//95 103//95 102//95
f 103//96 101//96 100//96
f 96//97 101//97 104//97
f 104//97 95//97 96//97
f 95//98 104//98 105//98
f 106//99 105//99 104//99
f 104//100 102//100 106//100
f 102//101 107//101 106//101
f 108//102 106//102 107//102
f 109//103 106//103 108//103
f 106//104 109//104 110//104
f 110//104 105//104 106//104
f 112//105 110//105 109//105
f 113//106 111//106 110//106
f 105//107 110//107 111//107
f 110//106 112//106 113//106
f 111//108 113//108 114//108
f 115//109 113//109 112//109
f 9//110 114//110 113//110
f 113//110 115//110 9//110
f 9//111 115//111 2//111
f 3//112 2//112 115//112
f 115//113 116//113 3//113
f 112//109 116//109 115//109
f 118//114 117//114 116//114
f 116//115 117//115 119//115
f 116//114 112//114 118//114
f 116//116 4//116 3//116
f 119//117 4//117 116//117
f 4//1 119//1 5//1
f 120//118 119//118 117//118
f 119//1 120//1 121//1
f 121//1 5//1 119//1
f 122//1 121//1 120//1
f 120//1 123//1 122//1
f 124//1 122//1 123//1
f 123//1 125//1 124//1
f 126//1 124//1 125//1
f 128//1 126//1 127//1
f 125//1 127//1 126//1
f 128//1 130//1 129//1
f 129//1 131//1 128//1
f 127//1 130//1 128//1
f 132//1 131//1 133//1
f 129//1 133//1 131//1
f 135//119 133//119 129//119
f 133//1 134//1 132//1
f 134//120 133//120 135//120
f 137//121 135//121 129//121
f 136//122 135//122 137//122
f 135//123 136//123 138//123
f 135//124 139//124 134//124
f 138//123 139//123 135//123
f 139//125 140//125 141//125
f 142//126 140//126 139//126
f 141//127 134//127 139//127
f 139//126 138//126 142//126
f 143//128 142//128 138//128
f 142//129 143//129 144//129
f 144//129 145//129 142//129
f 140//130 142//130 145//130
f 146//131 148//131 145//131
f 145//131 144//131 146//131
f 145//130 147//130 140//130
f 147//132 145//132 148//132
f 148//133 146//133 149//133
f 149//133 150//133 148//133
f 151//134 148//134 150//134
f 148//132 151//132 147//132
f 152//135 154//135 151//135
f 151//136 153//136 152//136
f 150//134 153//134 151//134
f 147//137 151//137 154//137
f 156//1 155//1 154//1
f 157//1 154//1 155//1
f 154//1 152//1 156//1
f 154//138 157//138 147//138
f 159//1 157//1 158//1
f 155//1 158//1 157//1
f 147//139 157//139 159//139
f 159//1 158//1 160//1
f 160//1 141//1 159//1
f 159//140 141//140 140//140
f 140//141 147//141 159//141
f 160//1 132//1 134//1
f 134//1 141//1 160//1
f 161//1 156//1 152//1
f 152//1 162//1 161//1
f 163//1 161//1 162//1
f 164//1 163//1 165//1
f 162//1 165//1 163//1
f 165//1 166//1 164//1
f 165//142 162//142 168//142
f 166//143 165//143 167//143
f 168//144 167//144 165//144
f 153//145 168//145 162//145
f 168//146 170//146 169//146
f 169//146 167//146 168//146
f 170//147 168//147 153//147
f 170//148 172//148 171//148
f 171//148 169//148 170//148
f 172//149 170//149 150//149
f 153//147 150//147 170//147
f 174//150 171//150 172//150
f 173//151 172//151 149//151
f 172//150 173//150 174//150
f 150//149 149//149 172//149
f 175//152 176//152 174//152
f 174//153 173//153 175//153
f 174//154 176//154 177//154
f 178//155 174//155 177//155
f 171//156 174//156 178//156
f 180//157 178//157 179//157
f 177//158 179//158 178//158
f 181//159 178//159 180//159
f 178//156 181//156 171//156
f 169//160 171//160 181//160
f 181//160 182//160 169//160
f 182//161 181//161 183//161
f 180//159 183//159 181//159
f 183//162 180//162 184//162
f 184//162 185//162 183//162
f 186//163 183//163 185//163
f 183//161 186//161 182//161
f 189//164 186//164 187//164
f 185//163 187//163 186//163
f 188//165 182//165 186//165
f 186//166 189//166 188//166
f 188//167 189//167 191//167
f 189//168 190//168 192//168
f 187//164 190//164 189//164
f 192//169 191//169 189//169
f 193//1 191//1 192//1
f 194//1 193//1 192//1
f 195//170 192//170 190//170
f 192//1 195//1 194//1
f 196//1 194//1 195//1
f 195//1 197//1 196//1
f 198//171 197//171 195//171
f 190//172 198//172 195//172
f 198//173 201//173 199//173
f 199//173 200//173 198//173
f 198//174 200//174 202//174
f 202//175 197//175 198//175
f 201//176 198//176 190//176
f 197//1 202//1 203//1
f 204//1 203//1 202//1
f 202//1 205//1 204//1
f 205//177 202//177 200//177
f 206//178 205//178 207//178
f 204//1 205//1 206//1
f 200//179 207//179 205//179
f 207//180 210//180 206//180
f 208//181 207//181 200//181
f 207//182 208//182 209//182
f 209//182 210//182 207//182
f 210//183 209//183 211//183
f 211//183 212//183 210//183
f 210//184 212//184 214//184
f 210//185 213//185 206//185
f 214//186 213//186 210//186
f 216//1 215//1 214//1
f 213//1 214//1 215//1
f 214//1 217//1 216//1
f 217//187 214//187 212//187
f 218//1 216//1 217//1
f 217//1 219//1 218//1
f 212//188 221//188 217//188
f 220//189 219//189 217//189
f 217//189 221//189 220//189
f 222//190 221//190 212//190
f 221//191 222//191 223//191
f 223//191 220//191 221//191
f 224//192 223//192 222//192
f 223//193 224//193 225//193
f 225//193 226//193 223//193
f 220//194 223//194 226//194
f 226//195 225//195 228//195
f 226//194 227//194 220//194
f 227//196 226//196 229//196
f 228//195 229//195 226//195
f 230//197 231//197 229//197
f 229//197 228//197 230//197
f 232//198 229//198 231//198
f 229//196 232//196 227//196
f 227//199 232//199 234//199
f 232//200 233//200 236//200
f 231//198 233//198 232//198
f 232//201 235//201 234//201
f 236//202 235//202 232//202
f 235//1 236//1 238//1
f 237//203 236//203 233//203
f 236//1 237//1 239//1
f 239//1 238//1 236//1
f 240//1 239//1 237//1
f 241//1 240//1 242//1
f 237//1 242//1 240//1
f 242//1 243//1 241//1
f 242//204 237//204 244//204
f 45//205 243//205 242//205
f 244//206 45//206 242//206
f 245//207 244//207 233//207
f 244//208 245//208 48//208
f 233//209 244//209 237//209
f 48//208 45//208 244//208
f 233//207 231//207 245//207
f 247//210 48//210 245//210
f 246//211 245//211 231//211
f 245//210 246//210 247//210
f 248//212 47//212 247//212
f 247//212 249//212 248//212
f 249//213 247//213 246//213
f 48//32 247//32 47//32
f 246//214 250//214 249//214
f 249//215 250//215 251//215
f 248//216 249//216 252//216
f 251//217 252//217 249//217
f 253//218 252//218 254//218
f 252//219 253//219 248//219
f 252//220 251//220 255//220
f 255//220 254//220 252//220
f 254//221 255//221 258//221
f 255//222 256//222 257//222
f 256//223 255//223 251//223
f 257//224 258//224 255//224
f 259//225 258//225 257//225
f 258//226 259//226 260//226
f 260//226 261//226 258//226
f 258//227 261//227 254//227
f 261//228 260//228 263//228
f 262//229 254//229 261//229
f 261//230 264//230 262//230
f 263//228 264//228 261//228
f 265//231 266//231 264//231
f 264//232 64//232 265//232
f 264//233 266//233 262//233
f 264//234 263//234 267//234
f 267//234 64//234 264//234
f 268//235 63//235 267//235
f 267//235 269//235 268//235
f 64//50 267//50 63//50
f 269//236 267//236 263//236
f 263//236 270//236 269//236
f 272//237 269//237 270//237
f 271//238 268//238 269//238
f 269//238 272//238 271//238
f 271//239 272//239 274//239
f 272//240 275//240 273//240
f 273//241 274//241 272//241
f 270//237 275//237 272//237
f 276//242 273//242 275//242
f 275//243 277//243 276//243
f 278//244 277//244 275//244
f 275//244 270//244 278//244
f 277//245 278//245 279//245
f 259//246 279//246 278//246
f 278//246 260//246 259//246
f 260//247 278//247 270//247
f 280//248 279//248 282//248
f 279//245 280//245 277//245
f 279//249 259//249 281//249
f 281//249 282//249 279//249
f 282//248 283//248 280//248
f 283//250 282//250 284//250
f 285//251 284//251 282//251
f 282//251 281//251 285//251
f 287//252 286//252 285//252
f 284//253 285//253 286//253
f 285//252 288//252 287//252
f 288//254 285//254 281//254
f 290//255 289//255 288//255
f 287//256 288//256 289//256
f 281//254 257//254 288//254
f 288//257 257//257 290//257
f 291//258 292//258 290//258
f 290//258 256//258 291//258
f 289//259 290//259 292//259
f 257//260 256//260 290//260
f 292//259 293//259 289//259
f 293//261 292//261 294//261
f 292//262 291//262 294//262
f 294//263 295//263 293//263
f 230//264 294//264 250//264
f 250//265 294//265 291//265
f 294//266 230//266 228//266
f 228//266 295//266 294//266
f 296//267 293//267 295//267
f 295//268 297//268 296//268
f 295//269 228//269 225//269
f 225//269 297//269 295//269
f 297//270 298//270 296//270
f 298//271 297//271 299//271
f 297//272 225//272 224//272
f 224//272 299//272 297//272
f 302//273 300//273 299//273
f 301//274 299//274 300//274
f 299//271 301//271 298//271
f 299//273 224//273 302//273
f 300//275 302//275 303//275
f 222//192 302//192 224//192
f 302//276 222//276 211//276
f 211//276 303//276 302//276
f 303//275 304//275 300//275
f 304//277 303//277 305//277
f 303//278 211//278 209//278
f 209//278 305//278 303//278
f 307//279 305//279 306//279
f 208//280 306//280 305//280
f 305//280 209//280 208//280
f 305//277 307//277 304//277
f 307//281 310//281 308//281
f 308//282 309//282 307//282
f 307//283 309//283 311//283
f 306//279 310//279 307//279
f 304//284 307//284 311//284
f 312//285 311//285 313//285
f 311//286 312//286 304//286
f 311//287 309//287 314//287
f 314//287 313//287 311//287
f 314//288 315//288 317//288
f 315//289 314//289 309//289
f 313//290 314//290 316//290
f 317//291 316//291 314//291
f 318//292 316//292 317//292
f 317//292 319//292 318//292
f 320//293 317//293 315//293
f 319//294 317//294 320//294
f 315//295 321//295 320//295
f 323//296 320//296 321//296
f 322//297 320//297 323//297
f 320//298 322//298 319//298
f 321//299 324//299 323//299
f 324//300 325//300 323//300
f 327//301 323//301 325//301
f 326//302 323//302 327//302
f 323//297 326//297 322//297
f 327//302 330//302 326//302
f 325//303 329//303 327//303
f 328//304 327//304 329//304
f 330//305 327//305 328//305
f 331//306 330//306 332//306
f 330//307 331//307 333//307
f 328//305 332//305 330//305
f 333//307 326//307 330//307
f 334//308 333//308 331//308
f 333//309 334//309 336//309
f 326//310 333//310 335//310
f 336//309 335//309 333//309
f 338//311 336//311 337//311
f 339//312 337//312 336//312
f 335//313 336//313 338//313
f 336//314 334//314 339//314
f 341//315 337//315 339//315
f 339//315 342//315 340//315
f 339//315 340//315 341//315
f 342//316 339//316 334//316
f 343//317 342//317 334//317
f 340//315 342//315 343//315
f 334//318 346//318 343//318
f 343//315 344//315 345//315
f 344//319 343//319 346//319
f 345//315 340//315 343//315
f 331//308 346//308 334//308
f 346//320 347//320 344//320
f 348//321 347//321 346//321
f 346//321 331//321 348//321
f 350//322 349//322 348//322
f 347//323 348//323 349//323
f 348//322 332//322 350//322
f 332//306 348//306 331//306
f 351//324 350//324 332//324
f 350//325 351//325 353//325
f 349//326 350//326 352//326
f 353//325 352//325 350//325
f 354//327 355//327 353//327
f 353//328 351//328 354//328
f 355//329 356//329 353//329
f 357//330 353//330 356//330
f 352//331 353//331 357//331
f 356//332 359//332 357//332
f 358//333 357//333 360//333
f 357//331 358//331 352//331
f 360//334 357//334 359//334
f 361//335 360//335 363//335
f 360//336 361//336 358//336
f 359//337 362//337 360//337
f 363//338 360//338 362//338
f 362//339 364//339 363//339
f 364//340 365//340 363//340
f 367//341 363//341 365//341
f 366//342 363//342 367//342
f 363//335 366//335 361//335
f 368//343 367//343 370//343
f 369//344 367//344 368//344
f 367//342 369//342 366//342
f 365//345 370//345 367//345
f 371//346 372//346 370//346
f 370//346 365//346 371//346
f 373//347 370//347 372//347
f 370//348 373//348 368//348
f 368//349 373//349 374//349
f 374//350 373//350 375//350
f 372//347 375//347 373//347
f 375//351 372//351 376//351
f 376//352 378//352 375//352
f 375//350 377//350 374//350
f 377//353 375//353 378//353
f 378//354 380//354 379//354
f 379//355 377//355 378//355
f 381//356 380//356 378//356
f 378//356 143//356 381//356
f 143//357 378//357 376//357
f 381//358 138//358 136//358
f 136//358 382//358 381//358
f 138//128 381//128 143//128
f 380//359 381//359 382//359
f 383//360 382//360 384//360
f 382//359 383//359 380//359
f 385//361 384//361 382//361
f 382//361 136//361 385//361
f 384//362 385//362 386//362
f 387//363 386//363 385//363
f 385//363 137//363 387//363
f 137//122 385//122 136//122
f 130//364 127//364 387//364
f 388//365 387//365 127//365
f 387//366 137//366 130//366
f 386//367 387//367 388//367
f 389//368 388//368 390//368
f 388//367 389//367 386//367
f 127//369 125//369 388//369
f 390//370 388//370 123//370
f 388//371 125//371 123//371
f 390//368 391//368 389//368
f 391//372 390//372 117//372
f 117//373 390//373 120//373
f 123//374 120//374 390//374
f 392//375 389//375 391//375
f 117//372 118//372 391//372
f 393//376 391//376 118//376
f 391//375 393//375 392//375
f 108//103 393//103 109//103
f 393//377 108//377 394//377
f 394//377 392//377 393//377
f 118//376 109//376 393//376
f 394//378 108//378 395//378
f 395//379 398//379 394//379
f 394//380 398//380 396//380
f 397//381 394//381 396//381
f 392//382 394//382 397//382
f 400//383 399//383 398//383
f 396//384 398//384 399//384
f 398//383 395//383 400//383
f 399//385 400//385 403//385
f 400//386 401//386 402//386
f 401//387 400//387 395//387
f 402//388 403//388 400//388
f 404//389 403//389 402//389
f 403//390 404//390 406//390
f 403//391 405//391 399//391
f 406//390 405//390 403//390
f 409//392 406//392 404//392
f 405//393 406//393 408//393
f 407//394 408//394 406//394
f 406//394 409//394 407//394
f 410//395 409//395 411//395
f 409//396 410//396 412//396
f 404//392 411//392 409//392
f 412//396 407//396 409//396
f 414//397 412//397 413//397
f 415//398 413//398 412//398
f 407//399 412//399 414//399
f 412//400 410//400 415//400
f 413//315 415//315 416//315
f 416//315 415//315 417//315
f 417//401 415//401 410//401
f 418//402 417//402 410//402
f 417//315 418//315 419//315
f 419//315 416//315 417//315
f 419//315 418//315 420//315
f 421//315 419//315 420//315
f 420//315 423//315 421//315
f 422//315 421//315 424//315
f 421//315 423//315 424//315
f 424//403 423//403 425//403
f 424//315 426//315 422//315
f 426//404 424//404 425//404
f 425//405 428//405 426//405
f 422//315 426//315 427//315
f 427//406 426//406 428//406
f 431//407 428//407 425//407
f 428//408 429//408 427//408
f 430//409 429//409 428//409
f 428//409 431//409 430//409
f 89//410 430//410 431//410
f 425//407 432//407 431//407
f 431//410 98//410 89//410
f 98//411 431//411 432//411
f 432//412 425//412 434//412
f 432//411 99//411 98//411
f 99//413 432//413 433//413
f 434//412 433//412 432//412
f 435//414 434//414 420//414
f 423//415 420//415 434//415
f 433//416 434//416 435//416
f 434//417 425//417 423//417
f 411//395 435//395 410//395
f 410//418 435//418 418//418
f 420//419 418//419 435//419
f 435//416 411//416 433//416
f 433//413 436//413 99//413
f 436//420 433//420 411//420
f 100//421 99//421 436//421
f 411//420 404//420 436//420
f 436//421 402//421 100//421
f 402//389 436//389 404//389
f 430//422 89//422 86//422
f 86//422 437//422 430//422
f 429//423 430//423 437//423
f 83//424 438//424 437//424
f 439//425 437//425 438//425
f 437//423 439//423 429//423
f 437//424 86//424 83//424
f 429//426 439//426 440//426
f 441//427 440//427 439//427
f 439//428 442//428 441//428
f 438//425 442//425 439//425
f 442//429 444//429 443//429
f 443//430 441//430 442//430
f 445//431 444//431 442//431
f 442//431 438//431 445//431
f 444//432 445//432 446//432
f 67//433 446//433 445//433
f 82//434 445//434 438//434
f 445//433 82//433 67//433
f 65//435 447//435 446//435
f 448//436 446//436 447//436
f 446//432 448//432 444//432
f 446//435 67//435 65//435
f 444//437 448//437 450//437
f 448//438 451//438 449//438
f 449//439 450//439 448//439
f 447//436 451//436 448//436
f 268//440 271//440 451//440
f 451//441 271//441 452//441
f 451//440 447//440 268//440
f 452//442 449//442 451//442
f 449//315 452//315 453//315
f 453//315 452//315 454//315
f 454//443 452//443 271//443
f 274//444 454//444 271//444
f 453//315 454//315 274//315
f 453//315 455//315 449//315
f 274//315 456//315 453//315
f 274//315 273//315 456//315
f 457//315 456//315 273//315
f 459//315 457//315 458//315
f 457//315 276//315 458//315
f 273//315 276//315 457//315
f 458//315 463//315 459//315
f 461//315 460//315 459//315
f 459//315 462//315 461//315
f 463//315 462//315 459//315
f 463//445 458//445 277//445
f 277//446 280//446 463//446
f 462//447 463//447 280//447
f 280//448 283//448 462//448
f 461//449 462//449 283//449
f 283//450 464//450 461//450
f 465//451 461//451 464//451
f 461//315 465//315 460//315
f 466//452 465//452 464//452
f 460//315 465//315 466//315
f 464//453 467//453 466//453
f 466//454 467//454 468//454
f 468//454 470//454 466//454
f 469//315 460//315 466//315
f 466//315 470//315 469//315
f 470//455 468//455 471//455
f 471//455 472//455 470//455
f 470//315 472//315 473//315
f 473//315 469//315 470//315
f 476//315 474//315 473//315
f 472//315 475//315 473//315
f 473//315 475//315 476//315
f 476//456 475//456 477//456
f 476//315 478//315 474//315
f 477//457 479//457 476//457
f 478//458 476//458 479//458
f 481//459 479//459 477//459
f 482//460 478//460 479//460
f 479//461 481//461 480//461
f 480//461 338//461 479//461
f 479//462 338//462 482//462
f 474//315 478//315 482//315
f 482//315 337//315 341//315
f 337//463 482//463 338//463
f 341//315 474//315 482//315
f 477//459 483//459 481//459
f 319//464 480//464 481//464
f 481//464 318//464 319//464
f 318//465 481//465 483//465
f 483//466 477//466 471//466
f 485//467 483//467 484//467
f 471//466 484//466 483//466
f 483//465 485//465 318//465
f 484//467 486//467 485//467
f 487//468 485//468 486//468
f 316//469 318//469 485//469
f 485//469 487//469 316//469
f 487//470 488//470 489//470
f 486//468 488//468 487//468
f 316//471 487//471 490//471
f 489//472 490//472 487//472
f 313//285 490//285 312//285
f 491//473 312//473 490//473
f 490//473 489//473 491//473
f 490//474 313//474 316//474
f 492//475 491//475 489//475
f 491//476 492//476 300//476
f 312//477 491//477 300//477
f 300//274 492//274 301//274
f 301//478 492//478 493//478
f 489//475 493//475 492//475
f 493//478 494//478 301//478
f 488//479 493//479 489//479
f 495//480 494//480 493//480
f 493//480 488//480 495//480
f 495//481 496//481 286//481
f 286//481 287//481 495//481
f 494//482 495//482 287//482
f 496//483 495//483 488//483
f 497//484 286//484 496//484
f 488//483 486//483 496//483
f 498//485 496//485 486//485
f 496//484 498//484 497//484
f 498//486 468//486 467//486
f 467//486 497//486 498//486
f 468//487 498//487 484//487
f 486//485 484//485 498//485
f 497//488 467//488 464//488
f 464//488 284//488 497//488
f 286//253 497//253 284//253
f 298//489 301//489 494//489
f 494//489 499//489 298//489
f 287//482 499//482 494//482
f 296//490 298//490 499//490
f 500//491 499//491 287//491
f 499//490 500//490 296//490
f 289//492 500//492 287//492
f 500//493 289//493 293//493
f 293//493 296//493 500//493
f 484//487 471//487 468//487
f 480//494 319//494 322//494
f 322//494 335//494 480//494
f 338//313 480//313 335//313
f 471//495 477//495 475//495
f 475//496 472//496 471//496
f 284//250 464//250 283//250
f 458//497 276//497 277//497
f 501//315 450//315 455//315
f 455//315 502//315 501//315
f 455//315 450//315 449//315
f 502//315 443//315 501//315
f 441//315 443//315 502//315
f 502//315 503//315 441//315
f 427//315 440//315 503//315
f 503//315 422//315 427//315
f 503//315 440//315 441//315
f 501//498 443//498 444//498
f 450//499 501//499 444//499
f 63//500 268//500 447//500
f 447//500 65//500 63//500
f 440//501 427//501 429//501
f 438//434 83//434 82//434
f 416//315 504//315 413//315
f 509//315 505//315 504//315
f 505//315 507//315 504//315
f 504//315 506//315 508//315
f 504//315 507//315 413//315
f 508//315 509//315 504//315
f 509//502 508//502 510//502
f 510//503 511//503 509//503
f 505//504 509//504 511//504
f 513//505 511//505 510//505
f 507//506 505//506 511//506
f 511//507 414//507 507//507
f 512//508 414//508 511//508
f 511//508 513//508 512//508
f 510//505 515//505 513//505
f 514//509 512//509 513//509
f 513//509 516//509 514//509
f 516//510 513//510 515//510
f 515//510 518//510 516//510
f 516//511 519//511 517//511
f 517//511 514//511 516//511
f 519//512 516//512 518//512
f 520//513 521//513 519//513
f 519//514 523//514 520//514
f 521//515 522//515 519//515
f 517//516 519//516 522//516
f 518//512 523//512 519//512
f 523//517 368//517 374//517
f 524//518 368//518 523//518
f 374//519 520//519 523//519
f 523//518 518//518 524//518
f 525//520 524//520 518//520
f 524//521 525//521 526//521
f 526//521 369//521 524//521
f 368//344 524//344 369//344
f 527//522 529//522 526//522
f 526//522 528//522 527//522
f 528//523 526//523 525//523
f 369//524 526//524 529//524
f 529//525 527//525 531//525
f 529//524 366//524 369//524
f 366//526 529//526 530//526
f 531//525 530//525 529//525
f 533//527 531//527 532//527
f 534//528 532//528 531//528
f 530//529 531//529 533//529
f 531//530 527//530 534//530
f 532//315 534//315 536//315
f 534//315 537//315 535//315
f 535//315 536//315 534//315
f 537//531 534//531 527//531
f 527//532 528//532 537//532
f 537//315 538//315 535//315
f 538//533 537//533 528//533
f 538//315 539//315 535//315
f 539//534 538//534 528//534
f 528//535 540//535 539//535
f 539//315 508//315 506//315
f 508//536 539//536 540//536
f 506//315 535//315 539//315
f 525//523 540//523 528//523
f 540//537 510//537 508//537
f 515//538 510//538 540//538
f 540//538 525//538 515//538
f 536//315 541//315 532//315
f 543//315 542//315 541//315
f 541//315 542//315 532//315
f 541//315 544//315 543//315
f 344//315 545//315 544//315
f 544//315 345//315 344//315
f 546//315 543//315 544//315
f 545//315 546//315 544//315
f 546//539 545//539 547//539
f 543//540 546//540 547//540
f 547//541 548//541 543//541
f 549//542 548//542 547//542
f 547//542 349//542 549//542
f 349//543 547//543 347//543
f 347//544 547//544 545//544
f 549//545 352//545 358//545
f 358//545 550//545 549//545
f 352//326 549//326 349//326
f 548//546 549//546 550//546
f 550//546 533//546 548//546
f 361//547 530//547 550//547
f 533//529 550//529 530//529
f 550//547 358//547 361//547
f 548//548 533//548 542//548
f 542//549 543//549 548//549
f 545//550 344//550 347//550
f 532//551 542//551 533//551
f 530//526 361//526 366//526
f 518//520 515//520 525//520
f 551//552 552//552 522//552
f 522//552 521//552 551//552
f 553//553 522//553 552//553
f 522//554 553//554 517//554
f 552//553 554//553 553//553
f 555//555 553//555 554//555
f 553//556 555//556 556//556
f 556//557 517//557 553//557
f 405//558 556//558 555//558
f 408//393 556//393 405//393
f 514//559 517//559 556//559
f 556//559 408//559 514//559
f 558//560 555//560 557//560
f 554//555 557//555 555//555
f 555//561 558//561 405//561
f 557//560 396//560 558//560
f 399//384 558//384 396//384
f 558//562 399//562 405//562
f 557//563 554//563 559//563
f 559//564 397//564 557//564
f 396//565 557//565 397//565
f 383//566 559//566 554//566
f 560//567 397//567 559//567
f 384//360 559//360 383//360
f 559//567 384//567 560//567
f 389//568 392//568 560//568
f 397//382 560//382 392//382
f 560//568 386//568 389//568
f 386//362 560//362 384//362
f 554//569 552//569 383//569
f 383//570 552//570 551//570
f 379//571 551//571 521//571
f 551//572 379//572 380//572
f 380//573 383//573 551//573
f 521//571 520//571 379//571
f 520//574 374//574 377//574
f 377//574 379//574 520//574
f 512//575 514//575 408//575
f 408//575 407//575 512//575
f 414//399 512//399 407//399
f 413//576 507//576 414//576
f 402//577 401//577 103//577
f 100//578 402//578 103//578
f 103//579 401//579 107//579
f 395//387 107//387 401//387
f 107//580 395//580 108//580
f 561//581 376//581 372//581
f 144//582 376//582 561//582
f 376//357 144//357 143//357
f 563//583 561//583 562//583
f 561//584 371//584 562//584
f 372//585 371//585 561//585
f 146//586 561//586 563//586
f 561//582 146//582 144//582
f 149//587 563//587 173//587
f 173//588 563//588 564//588
f 562//589 564//589 563//589
f 563//586 149//586 146//586
f 364//590 362//590 564//590
f 175//591 564//591 362//591
f 564//590 562//590 364//590
f 564//592 175//592 173//592
f 562//593 371//593 365//593
f 365//593 364//593 562//593
f 362//591 359//591 175//591
f 176//594 175//594 359//594
f 359//594 356//594 176//594
f 356//595 355//595 177//595
f 177//595 176//595 356//595
f 355//596 354//596 179//596
f 179//596 177//596 355//596
f 566//597 354//597 351//597
f 565//598 179//598 354//598
f 354//598 566//598 565//598
f 567//599 565//599 566//599
f 566//599 568//599 567//599
f 328//600 568//600 566//600
f 351//601 328//601 566//601
f 569//602 567//602 568//602
f 329//603 568//603 328//603
f 568//602 329//602 569//602
f 567//604 569//604 184//604
f 570//605 184//605 569//605
f 569//606 571//606 570//606
f 571//607 569//607 329//607
f 572//608 571//608 325//608
f 570//609 571//609 572//609
f 329//607 325//607 571//607
f 573//610 570//610 572//610
f 572//611 574//611 573//611
f 325//608 324//608 572//608
f 574//612 572//612 324//612
f 308//613 574//613 321//613
f 574//614 308//614 310//614
f 324//612 321//612 574//612
f 310//615 573//615 574//615
f 573//616 575//616 576//616
f 575//617 573//617 310//617
f 576//616 570//616 573//616
f 201//618 576//618 575//618
f 576//619 201//619 187//619
f 187//619 185//619 576//619
f 570//620 576//620 185//620
f 199//621 575//621 306//621
f 310//617 306//617 575//617
f 575//618 199//618 201//618
f 185//620 184//620 570//620
f 184//622 180//622 567//622
f 565//623 567//623 180//623
f 179//624 565//624 180//624
f 332//324 328//324 351//324
f 335//310 322//310 326//310
f 321//613 315//613 308//613
f 309//289 308//289 315//289
f 300//625 304//625 312//625
f 306//621 208//621 199//621
f 251//223 291//223 256//223
f 291//626 251//626 250//626
f 257//225 281//225 259//225
f 270//247 263//247 260//247
f 266//627 265//627 578//627
f 262//628 266//628 577//628
f 578//627 577//627 266//627
f 577//629 578//629 50//629
f 579//630 578//630 265//630
f 51//631 50//631 578//631
f 578//632 579//632 51//632
f 265//630 61//630 579//630
f 56//46 579//46 61//46
f 51//633 579//633 56//633
f 50//634 248//634 577//634
f 577//628 253//628 262//628
f 253//635 577//635 248//635
f 61//636 265//636 64//636
f 254//218 262//218 253//218
f 250//264 246//264 230//264
f 47//34 248//34 50//34
f 231//211 230//211 246//211
f 41//1 241//1 243//1
f 243//1 42//1 41//1
f 42//637 243//637 45//637
f 238//1 580//1 235//1
f 234//1 580//1 581//1
f 234//1 235//1 580//1
f 581//1 218//1 219//1
f 581//1 582//1 234//1
f 219//1 582//1 581//1
f 234//638 582//638 227//638
f 227//639 582//639 219//639
f 219//639 220//639 227//639
f 212//190 211//190 222//190
f 215//1 583//1 213//1
f 206//1 583//1 204//1
f 206//1 213//1 583//1
f 200//181 199//181 208//181
f 203//1 196//1 197//1
f 190//176 187//176 201//176
f 193//1 584//1 191//1
f 584//1 164//1 585//1
f 585//1 191//1 584//1
f 164//1 166//1 585//1
f 188//640 585//640 166//640
f 191//641 585//641 188//641
f 167//642 188//642 166//642
f 182//643 188//643 167//643
f 167//643 169//643 182//643
f 162//644 152//644 153//644
f 129//645 130//645 137//645
f 109//105 118//105 112//105
f 114//108 586//108 111//108
f 586//646 114//646 16//646
f 10//647 16//647 114//647
f 114//647 9//647 10//647
f 587//648 586//648 18//648
f 586//649 587//649 588//649
f 588//649 111//649 586//649
f 16//646 18//646 586//646
f 92//650 93//650 588//650
f 588//651 587//651 92//651
f 588//652 93//652 95//652
f 105//653 588//653 95//653
f 111//107 588//107 105//107
f 589//654 92//654 587//654
f 18//648 76//648 587//648
f 587//655 76//655 589//655
f 85//656 88//656 589//656
f 92//85 589//85 88//85
f 589//656 78//656 85//656
f 78//657 589//657 76//657
f 107//579 102//579 103//579
f 90//91 89//91 98//91
f 79//68 85//68 78//68
f 68//75 67//75 82//75
f 76//658 18//658 19//658
f 55//39 74//39 53//39
f 36//659 53//659 74//659
f 74//659 22//659 36//659
f 22//12 74//12 21//12
f 53//37 36//37 34//37
f 35//23 44//23 34//23
f 30//1 39//1 32//1
f 25//14 36//14 22//14
f 590//1 28//1 27//1
f 12//1 590//1 13//1
f 27//1 13//1 590//1
f 13//660 27//660 15//660
usemtl Material.009
f 593//661 592//661 591//661
f 594//662 591//662 592//662
f 591//663 595//663 593//663
f 595//664 596//664 597//664
f 597//665 593//665 595//665
f 593//315 597//315 599//315
f 597//315 598//315 600//315
f 598//666 597//666 596//666
f 600//315 599//315 597//315
f 602//315 600//315 598//315
f 599//667 600//667 601//667
f 601//668 600//668 602//668
f 602//669 603//669 604//669
f 603//315 602//315 605//315
f 604//670 601//670 602//670
f 598//315 605//315 602//315
f 606//671 608//671 605//671
f 605//672 598//672 606//672
f 605//315 607//315 603//315
f 607//669 605//669 608//669
f 608//673 609//673 607//673
f 609//674 610//674 611//674
f 611//675 607//675 609//675
f 612//676 611//676 610//676
f 607//315 611//315 613//315
f 611//315 612//315 614//315
f 614//315 613//315 611//315
f 613//677 614//677 615//677
f 615//596 614//596 616//596
f 616//315 614//315 612//315
f 616//678 617//678 618//678
f 617//315 616//315 619//315
f 618//679 615//679 616//679
f 612//315 619//315 616//315
f 620//680 621//680 619//680
f 619//681 612//681 620//681
f 622//682 619//682 621//682
f 619//315 622//315 617//315
f 622//315 623//315 624//315
f 623//683 622//683 625//683
f 624//315 617//315 622//315
f 621//684 625//684 622//684
f 625//685 626//685 623//685
f 627//686 623//686 626//686
f 626//687 628//687 627//687
f 628//688 629//688 630//688
f 630//689 627//689 628//689
f 627//315 630//315 632//315
f 631//690 630//690 629//690
f 633//315 630//315 631//315
f 633//315 632//315 630//315
f 634//315 633//315 631//315
f 636//691 632//691 633//691
f 633//692 634//692 635//692
f 635//693 636//693 633//693
f 632//694 636//694 637//694
f 637//695 618//695 624//695
f 637//696 624//696 632//696
f 635//697 634//697 638//697
f 639//698 635//698 638//698
f 638//699 640//699 639//699
f 639//700 640//700 641//700
f 642//701 639//701 641//701
f 641//702 643//702 642//702
f 642//703 643//703 644//703
f 645//704 642//704 644//704
f 644//705 647//705 645//705
f 646//706 645//706 648//706
f 645//707 647//707 648//707
f 649//315 650//315 648//315
f 648//315 647//315 649//315
f 651//315 648//315 650//315
f 648//708 651//708 646//708
f 650//315 652//315 651//315
f 653//315 651//315 652//315
f 646//709 651//709 653//709
f 653//710 654//710 655//710
f 657//315 654//315 653//315
f 655//711 646//711 653//711
f 652//315 656//315 653//315
f 653//315 656//315 657//315
f 659//712 657//712 658//712
f 660//713 658//713 657//713
f 657//315 659//315 654//315
f 657//714 656//714 660//714
f 661//715 660//715 656//715
f 656//716 652//716 661//716
f 662//717 661//717 652//717
f 652//718 650//718 662//718
f 663//719 662//719 650//719
f 664//720 663//720 649//720
f 650//721 649//721 663//721
f 665//722 664//722 666//722
f 649//723 666//723 664//723
f 667//315 666//315 644//315
f 666//703 667//703 665//703
f 666//315 649//315 647//315
f 647//315 644//315 666//315
f 668//315 667//315 643//315
f 667//724 668//724 669//724
f 644//315 643//315 667//315
f 669//725 665//725 667//725
f 670//726 669//726 668//726
f 668//727 671//727 670//727
f 672//728 670//728 671//728
f 671//729 673//729 672//729
f 674//730 672//730 673//730
f 675//731 674//731 676//731
f 673//732 676//732 674//732
f 631//315 676//315 634//315
f 676//733 631//733 675//733
f 676//315 673//315 638//315
f 638//315 634//315 676//315
f 629//734 675//734 631//734
f 673//315 671//315 640//315
f 640//315 638//315 673//315
f 671//315 668//315 641//315
f 641//315 640//315 671//315
f 643//315 641//315 668//315
f 658//735 680//735 659//735
f 677//736 678//736 659//736
f 659//737 680//737 677//737
f 679//315 659//315 678//315
f 679//315 654//315 659//315
f 655//738 654//738 679//738
f 679//739 681//739 682//739
f 681//315 679//315 678//315
f 682//740 655//740 679//740
f 681//741 683//741 682//741
f 684//742 683//742 685//742
f 683//743 681//743 685//743
f 685//315 681//315 687//315
f 685//744 686//744 684//744
f 686//315 685//315 592//315
f 687//315 592//315 685//315
f 688//745 594//745 687//745
f 687//746 678//746 688//746
f 678//315 687//315 681//315
f 592//747 687//747 594//747
f 677//748 688//748 678//748
f 599//315 686//315 593//315
f 592//315 593//315 686//315
f 684//749 686//749 599//749
f 601//750 684//750 599//750
f 627//315 632//315 624//315
f 624//315 623//315 627//315
f 618//751 617//751 624//751
f 610//752 620//752 612//752
f 615//753 604//753 613//753
f 604//754 603//754 613//754
f 613//315 603//315 607//315
f 596//755 606//755 598//755
usemtl Material.010
f 690//1 689//1 696//1
f 692//1 689//1 691//1
f 689//1 692//1 693//1
f 694//1 689//1 693//1
f 689//1 694//1 695//1
f 695//1 696//1 689//1
f 696//1 700//1 690//1
f 696//756 695//756 698//756
f 700//1 696//1 697//1
f 697//757 696//757 699//757
f 698//756 699//756 696//756
f 701//1 700//1 697//1
f 702//1 701//1 703//1
f 697//1 703//1 701//1
f 703//758 697//758 704//758
f 704//758 705//758 703//758
f 706//759 703//759 705//759
f 703//1 706//1 702//1
f 705//759 707//759 706//759
f 708//760 706//760 707//760
f 706//1 708//1 702//1
f 707//760 709//760 708//760
f 710//761 708//761 709//761
f 708//1 710//1 711//1
f 711//1 702//1 708//1
f 711//1 710//1 713//1
f 702//1 711//1 712//1
f 715//762 712//762 711//762
f 714//1 711//1 713//1
f 716//763 711//763 714//763
f 716//764 715//764 711//764
f 714//765 717//765 716//765
f 716//1 717//1 718//1
f 718//1 719//1 716//1
f 715//1 716//1 719//1
f 722//766 719//766 718//766
f 719//1 720//1 715//1
f 721//767 720//767 719//767
f 722//768 721//768 719//768
f 718//769 723//769 722//769
f 724//770 723//770 718//770
f 725//771 724//771 726//771
f 718//772 726//772 724//772
f 717//1 727//1 726//1
f 726//1 718//1 717//1
f 728//1 726//1 727//1
f 726//773 728//773 725//773
f 727//1 729//1 728//1
f 729//1 731//1 728//1
f 728//774 731//774 730//774
f 730//775 725//775 728//775
f 732//1 731//1 729//1
f 731//776 732//776 733//776
f 733//777 730//777 731//777
f 734//778 733//778 732//778
f 736//779 734//779 735//779
f 732//780 735//780 734//780
f 738//781 736//781 737//781
f 735//782 737//782 736//782
f 740//783 738//783 739//783
f 737//784 739//784 738//784
f 739//785 742//785 740//785
f 741//786 740//786 742//786
f 743//1 744//1 742//1
f 745//1 743//1 742//1
f 742//787 744//787 741//787
f 742//1 739//1 745//1
f 745//788 747//788 746//788
f 746//789 748//789 745//789
f 747//1 745//1 739//1
f 743//790 745//790 748//790
f 749//1 695//1 748//1
f 748//1 746//1 749//1
f 695//1 750//1 748//1
f 748//791 750//791 743//791
f 695//1 694//1 750//1
f 750//792 694//792 751//792
f 751//793 743//793 750//793
f 743//1 751//1 754//1
f 752//794 751//794 755//794
f 751//1 752//1 753//1
f 753//1 754//1 751//1
f 694//795 755//795 751//795
f 755//1 694//1 756//1
f 756//1 757//1 755//1
f 758//1 755//1 757//1
f 755//794 758//794 752//794
f 757//1 759//1 758//1
f 760//1 758//1 759//1
f 758//796 760//796 761//796
f 761//796 752//796 758//796
f 752//1 761//1 764//1
f 762//797 761//797 760//797
f 761//1 762//1 763//1
f 763//1 764//1 761//1
f 764//798 763//798 765//798
f 764//1 753//1 752//1
f 753//799 764//799 766//799
f 765//800 766//800 764//800
f 766//799 767//799 753//799
f 767//801 768//801 754//801
f 754//801 753//801 767//801
f 768//802 741//802 744//802
f 744//803 754//803 768//803
f 769//804 765//804 763//804
f 771//805 769//805 770//805
f 763//806 770//806 769//806
f 770//807 772//807 771//807
f 773//808 771//808 772//808
f 775//809 773//809 774//809
f 772//810 774//810 773//810
f 777//811 775//811 776//811
f 774//812 776//812 775//812
f 776//813 779//813 777//813
f 778//814 777//814 779//814
f 781//1 779//1 780//1
f 782//1 780//1 779//1
f 779//815 781//815 778//815
f 779//1 776//1 782//1
f 784//816 783//816 782//816
f 780//817 782//817 783//817
f 782//818 785//818 784//818
f 785//1 782//1 776//1
f 787//819 784//819 785//819
f 785//820 786//820 787//820
f 786//1 785//1 774//1
f 776//1 774//1 785//1
f 790//1 784//1 787//1
f 787//1 788//1 789//1
f 788//821 787//821 786//821
f 789//1 790//1 787//1
f 790//1 791//1 794//1
f 791//758 790//758 793//758
f 790//757 789//757 792//757
f 792//757 793//757 790//757
f 794//1 784//1 790//1
f 783//1 784//1 794//1
f 783//1 794//1 797//1
f 797//822 794//822 795//822
f 796//823 795//823 794//823
f 794//823 798//823 796//823
f 798//1 794//1 791//1
f 799//1 798//1 791//1
f 798//824 799//824 800//824
f 800//824 796//824 798//824
f 801//825 800//825 799//825
f 800//315 801//315 802//315
f 796//315 800//315 803//315
f 802//315 803//315 800//315
f 803//825 802//825 806//825
f 803//315 804//315 796//315
f 804//824 803//824 805//824
f 806//825 805//825 803//825
f 809//826 806//826 802//826
f 807//315 805//315 806//315
f 808//315 807//315 806//315
f 806//315 809//315 808//315
f 810//827 809//827 813//827
f 809//315 810//315 811//315
f 812//315 808//315 809//315
f 811//315 812//315 809//315
f 802//826 813//826 809//826
f 814//315 813//315 815//315
f 813//827 814//827 810//827
f 801//315 815//315 813//315
f 813//315 802//315 801//315
f 816//827 815//827 818//827
f 815//315 816//315 814//315
f 817//826 818//826 815//826
f 815//826 801//826 817//826
f 818//827 821//827 816//827
f 818//1 819//1 820//1
f 819//1 818//1 817//1
f 820//1 821//1 818//1
f 825//1 821//1 820//1
f 824//1 822//1 821//1
f 821//828 822//828 823//828
f 823//828 816//828 821//828
f 821//1 825//1 824//1
f 820//1 826//1 825//1
f 827//1 826//1 820//1
f 691//1 827//1 828//1
f 820//1 828//1 827//1
f 828//761 820//761 829//761
f 828//1 692//1 691//1
f 692//828 828//828 830//828
f 829//761 830//761 828//761
f 830//828 831//828 692//828
f 831//315 830//315 833//315
f 830//315 829//315 832//315
f 832//315 833//315 830//315
f 833//315 834//315 831//315
f 833//761 832//761 836//761
f 834//828 833//828 835//828
f 836//761 835//761 833//761
f 805//315 835//315 836//315
f 837//760 836//760 832//760
f 836//315 837//315 805//315
f 832//760 838//760 837//760
f 839//759 837//759 838//759
f 837//315 839//315 840//315
f 840//315 805//315 837//315
f 840//823 841//823 842//823
f 839//315 841//315 840//315
f 805//824 840//824 804//824
f 842//823 804//823 840//823
f 804//315 842//315 795//315
f 843//315 795//315 842//315
f 842//315 844//315 843//315
f 844//822 842//822 841//822
f 844//315 845//315 847//315
f 845//756 844//756 846//756
f 841//822 846//822 844//822
f 847//315 843//315 844//315
f 848//757 850//757 847//757
f 847//757 849//757 848//757
f 843//756 847//756 850//756
f 849//315 847//315 845//315
f 797//1 850//1 851//1
f 852//1 851//1 850//1
f 850//756 797//756 843//756
f 850//1 848//1 852//1
f 851//829 852//829 854//829
f 853//1 852//1 848//1
f 852//830 853//830 855//830
f 855//831 854//831 852//831
f 856//832 855//832 853//832
f 854//1 855//1 858//1
f 855//1 856//1 857//1
f 857//1 858//1 855//1
f 858//1 859//1 854//1
f 858//833 857//833 860//833
f 859//834 858//834 861//834
f 860//835 861//835 858//835
f 861//836 862//836 859//836
f 864//837 859//837 862//837
f 862//838 863//838 864//838
f 864//1 865//1 854//1
f 864//1 781//1 865//1
f 854//1 859//1 864//1
f 781//839 864//839 863//839
f 865//840 780//840 866//840
f 780//1 865//1 781//1
f 854//841 865//841 851//841
f 866//842 851//842 865//842
f 797//1 866//1 783//1
f 783//843 866//843 780//843
f 851//1 866//1 797//1
f 863//844 778//844 781//844
f 857//845 867//845 860//845
f 868//846 867//846 869//846
f 857//847 869//847 867//847
f 856//1 871//1 869//1
f 869//1 857//1 856//1
f 870//1 869//1 871//1
f 869//848 870//848 868//848
f 871//849 856//849 872//849
f 872//850 874//850 871//850
f 874//851 873//851 871//851
f 875//852 871//852 873//852
f 871//1 875//1 870//1
f 873//853 876//853 875//853
f 876//854 877//854 875//854
f 878//1 875//1 877//1
f 878//1 870//1 875//1
f 870//855 878//855 881//855
f 877//1 879//1 878//1
f 878//856 879//856 880//856
f 880//857 881//857 878//857
f 870//858 881//858 868//858
f 879//859 882//859 880//859
f 883//860 882//860 884//860
f 879//861 884//861 882//861
f 886//1 884//1 885//1
f 877//1 885//1 884//1
f 884//862 886//862 883//862
f 884//1 879//1 877//1
f 885//1 888//1 886//1
f 887//1 886//1 888//1
f 886//863 887//863 889//863
f 886//864 889//864 883//864
f 890//865 889//865 887//865
f 887//866 892//866 890//866
f 892//867 891//867 890//867
f 893//1 894//1 892//1
f 892//1 887//1 893//1
f 895//1 892//1 894//1
f 892//868 895//868 896//868
f 896//869 891//869 892//869
f 895//870 897//870 896//870
f 899//871 897//871 898//871
f 897//872 895//872 898//872
f 900//873 899//873 898//873
f 900//874 902//874 901//874
f 903//875 900//875 901//875
f 898//876 902//876 900//876
f 905//877 904//877 903//877
f 903//878 901//878 905//878
f 908//1 906//1 905//1
f 904//879 905//879 906//879
f 905//1 901//1 907//1
f 907//1 908//1 905//1
f 908//880 909//880 712//880
f 712//881 715//881 908//881
f 908//882 907//882 909//882
f 908//1 715//1 720//1
f 720//1 906//1 908//1
f 712//1 909//1 702//1
f 702//1 909//1 910//1
f 907//883 910//883 909//883
f 910//1 911//1 702//1
f 912//884 911//884 910//884
f 910//885 907//885 912//885
f 912//886 913//886 911//886
f 913//1 912//1 902//1
f 912//1 907//1 901//1
f 901//1 902//1 912//1
f 914//887 913//887 915//887
f 913//888 914//888 911//888
f 915//1 913//1 898//1
f 902//1 898//1 913//1
f 915//889 916//889 914//889
f 898//1 895//1 915//1
f 894//1 915//1 895//1
f 915//890 894//890 916//890
f 914//1 916//1 917//1
f 916//1 918//1 917//1
f 919//1 918//1 916//1
f 916//1 920//1 919//1
f 893//891 920//891 916//891
f 916//892 894//892 893//892
f 921//1 919//1 920//1
f 920//1 922//1 921//1
f 922//893 920//893 888//893
f 893//894 888//894 920//894
f 921//1 922//1 923//1
f 923//895 922//895 885//895
f 922//896 888//896 885//896
f 923//1 924//1 921//1
f 876//897 923//897 877//897
f 885//898 877//898 923//898
f 923//1 876//1 924//1
f 921//758 924//758 927//758
f 925//1 924//1 876//1
f 924//757 925//757 926//757
f 926//757 927//757 924//757
f 927//758 928//758 921//758
f 927//315 926//315 929//315
f 928//315 927//315 930//315
f 929//315 930//315 927//315
f 930//315 931//315 928//315
f 930//757 929//757 811//757
f 931//758 930//758 932//758
f 811//757 932//757 930//757
f 932//758 934//758 931//758
f 932//315 811//315 933//315
f 934//315 932//315 933//315
f 935//759 931//759 934//759
f 934//759 936//759 935//759
f 936//315 934//315 937//315
f 933//315 937//315 934//315
f 941//899 938//899 937//899
f 937//315 938//315 936//315
f 937//900 939//900 940//900
f 939//315 937//315 933//315
f 940//901 941//901 937//901
f 941//315 943//315 942//315
f 942//315 946//315 941//315
f 944//315 943//315 941//315
f 945//315 944//315 941//315
f 941//315 940//315 945//315
f 941//902 946//902 947//902
f 947//902 938//902 941//902
f 938//315 947//315 948//315
f 947//315 950//315 948//315
f 949//315 950//315 947//315
f 947//315 951//315 949//315
f 951//903 947//903 946//903
f 946//903 952//903 951//903
f 953//904 951//904 952//904
f 951//315 953//315 954//315
f 954//315 949//315 951//315
f 956//315 954//315 955//315
f 953//315 955//315 954//315
f 954//826 956//826 958//826
f 958//826 957//826 954//826
f 949//827 954//827 957//827
f 957//315 958//315 959//315
f 960//315 959//315 958//315
f 958//315 961//315 960//315
f 961//825 958//825 956//825
f 962//315 960//315 961//315
f 961//315 963//315 962//315
f 963//824 961//824 964//824
f 956//825 964//825 961//825
f 964//824 965//824 963//824
f 965//315 964//315 969//315
f 964//315 956//315 966//315
f 966//315 967//315 964//315
f 964//315 967//315 968//315
f 968//315 969//315 964//315
f 969//315 970//315 965//315
f 969//760 968//760 972//760
f 970//759 969//759 971//759
f 972//760 971//760 969//760
f 971//315 972//315 709//315
f 973//315 709//315 972//315
f 972//315 974//315 973//315
f 974//761 972//761 968//761
f 975//315 973//315 974//315
f 976//828 974//828 967//828
f 968//761 967//761 974//761
f 974//315 976//315 975//315
f 976//315 977//315 979//315
f 977//827 976//827 978//827
f 967//828 978//828 976//828
f 979//315 975//315 976//315
f 975//827 979//827 980//827
f 981//826 980//826 979//826
f 979//826 982//826 981//826
f 982//315 979//315 977//315
f 983//825 981//825 982//825
f 982//825 984//825 983//825
f 984//315 982//315 985//315
f 977//315 985//315 982//315
f 985//826 977//826 987//826
f 985//315 986//315 984//315
f 986//825 985//825 988//825
f 987//826 988//826 985//826
f 991//315 989//315 988//315
f 990//315 988//315 989//315
f 988//825 990//825 986//825
f 988//315 987//315 991//315
f 989//905 991//905 994//905
f 992//315 991//315 987//315
f 991//906 992//906 993//906
f 993//907 994//907 991//907
f 996//315 995//315 994//315
f 995//315 999//315 994//315
f 994//315 993//315 996//315
f 998//315 997//315 994//315
f 994//908 997//908 989//908
f 994//315 999//315 998//315
f 998//909 999//909 1000//909
f 1000//910 999//910 995//910
f 1000//911 1002//911 1001//911
f 1001//911 1003//911 1000//911
f 1002//912 1000//912 995//912
f 1004//913 1000//913 1003//913
f 1000//914 1004//914 998//914
f 1005//915 1004//915 1008//915
f 1004//916 1005//916 1006//916
f 1006//917 1007//917 1004//917
f 1004//918 1007//918 998//918
f 1003//913 1008//913 1004//913
f 1009//315 1008//315 1012//315
f 1008//915 1009//915 1005//915
f 1008//315 1003//315 1010//315
f 1010//315 1011//315 1008//315
f 1011//315 1012//315 1008//315
f 1013//919 1012//919 1011//919
f 1012//920 1013//920 1014//920
f 1014//920 1015//920 1012//920
f 1012//315 1015//315 1009//315
f 1015//921 1014//921 1016//921
f 1016//921 1017//921 1015//921
f 1015//315 1017//315 1018//315
f 1018//315 1009//315 1015//315
f 1009//922 1018//922 1020//922
f 1019//315 1018//315 1017//315
f 1018//923 1019//923 1021//923
f 1021//923 1020//923 1018//923
f 1020//924 1021//924 1025//924
f 1022//925 1021//925 1019//925
f 1021//926 1022//926 1023//926
f 1023//927 1024//927 1021//927
f 1021//928 1024//928 1025//928
f 1025//929 1026//929 1020//929
f 1026//315 1025//315 1027//315
f 1027//315 1025//315 1024//315
f 1027//315 1029//315 1026//315
f 1028//315 1027//315 1024//315
f 1027//930 1028//930 1030//930
f 1029//931 1027//931 1032//931
f 1030//932 1031//932 1027//932
f 1027//933 1031//933 1032//933
f 1032//934 1033//934 1029//934
f 1032//315 1031//315 1034//315
f 1033//315 1032//315 1034//315
f 1035//315 1034//315 1031//315
f 1034//822 1035//822 1036//822
f 1036//822 1037//822 1034//822
f 1038//823 1034//823 1037//823
f 1034//315 1038//315 1033//315
f 1039//315 1033//315 1038//315
f 1039//315 1038//315 990//315
f 990//824 1038//824 1040//824
f 1037//823 1040//823 1038//823
f 986//315 1040//315 1041//315
f 1042//315 1041//315 1040//315
f 1040//824 986//824 990//824
f 1040//315 1037//315 1042//315
f 695//822 749//822 1042//822
f 1041//823 1042//823 749//823
f 1042//822 698//822 695//822
f 698//315 1042//315 1037//315
f 1041//315 984//315 986//315
f 749//823 1043//823 1041//823
f 984//824 1041//824 1043//824
f 983//1 1043//1 1044//1
f 1043//824 983//824 984//824
f 1045//1 1044//1 1043//1
f 1043//1 749//1 1045//1
f 749//1 746//1 1045//1
f 1045//935 746//935 747//935
f 1044//936 1045//936 1046//936
f 747//937 1046//937 1045//937
f 1046//938 1047//938 1044//938
f 1047//1 1046//1 735//1
f 1046//1 747//1 737//1
f 737//1 735//1 1046//1
f 1047//939 729//939 1048//939
f 729//1 1047//1 732//1
f 735//1 732//1 1047//1
f 1048//940 1044//940 1047//940
f 1048//1 1049//1 981//1
f 1049//941 1048//941 729//941
f 981//1 983//1 1048//1
f 1044//1 1048//1 983//1
f 1049//1 714//1 980//1
f 714//942 1049//942 727//942
f 980//1 981//1 1049//1
f 729//943 727//943 1049//943
f 1029//944 1033//944 1039//944
f 997//945 1029//945 1039//945
f 1039//946 1050//946 997//946
f 990//315 1050//315 1039//315
f 997//947 1050//947 989//947
f 989//315 1050//315 990//315
f 1037//315 1036//315 698//315
f 1051//756 1036//756 1035//756
f 1036//315 1051//315 699//315
f 699//315 698//315 1036//315
f 1035//756 1053//756 1051//756
f 1051//315 1052//315 704//315
f 1052//757 1051//757 1053//757
f 704//315 699//315 1051//315
f 1053//315 1035//315 1054//315
f 1054//315 1056//315 1053//315
f 1055//315 1053//315 808//315
f 1053//757 1055//757 1052//757
f 1056//315 808//315 1053//315
f 1056//825 1058//825 1057//825
f 1057//825 1060//825 1056//825
f 1054//315 1058//315 1056//315
f 1059//826 1056//826 1060//826
f 808//315 1056//315 1059//315
f 1063//315 1060//315 1061//315
f 1062//315 1061//315 1060//315
f 1060//315 1057//315 1062//315
f 1060//826 1063//826 1059//826
f 834//315 1063//315 1064//315
f 1061//315 1064//315 1063//315
f 1063//827 834//827 807//827
f 807//827 1059//827 1063//827
f 831//827 1064//827 693//827
f 1064//315 831//315 834//315
f 1064//826 1061//826 1065//826
f 1065//826 693//826 1064//826
f 693//1 1065//1 694//1
f 756//825 1065//825 1061//825
f 1065//1 756//1 694//1
f 757//824 756//824 1062//824
f 1062//824 1066//824 757//824
f 1061//825 1062//825 756//825
f 1066//315 1062//315 1057//315
f 759//823 757//823 1066//823
f 1066//823 1067//823 759//823
f 1067//315 1066//315 1068//315
f 1057//315 1068//315 1066//315
f 1068//824 1057//824 1058//824
f 1068//315 1069//315 1067//315
f 1069//823 1068//823 1070//823
f 1058//824 1070//824 1068//824
f 1054//315 1070//315 1058//315
f 1071//315 1070//315 1054//315
f 1070//823 1071//823 1069//823
f 1054//315 1072//315 1071//315
f 1073//315 1071//315 1072//315
f 1074//822 1069//822 1071//822
f 1071//822 1073//822 1074//822
f 792//315 1075//315 1074//315
f 1069//315 1074//315 1075//315
f 1074//315 1076//315 792//315
f 1076//756 1074//756 1073//756
f 793//315 792//315 1076//315
f 1076//315 1077//315 793//315
f 1077//757 1076//757 1078//757
f 1073//756 1078//756 1076//756
f 1078//757 1079//757 1077//757
f 1079//315 1078//315 1080//315
f 1078//315 1073//315 1081//315
f 1081//315 1080//315 1078//315
f 1082//948 1083//948 1081//948
f 1081//948 1072//948 1082//948
f 1080//949 1081//949 1083//949
f 1072//315 1081//315 1073//315
f 1088//315 1083//315 1082//315
f 1086//315 1084//315 1083//315
f 1083//950 1084//950 1085//950
f 1085//951 1080//951 1083//951
f 1083//315 1087//315 1086//315
f 1088//315 1087//315 1083//315
f 1087//952 1088//952 1089//952
f 1091//953 1089//953 1088//953
f 1088//953 1090//953 1091//953
f 1082//315 1090//315 1088//315
f 1089//954 1091//954 1093//954
f 1091//955 1022//955 1092//955
f 1022//956 1091//956 1090//956
f 1092//955 1093//955 1091//955
f 1093//315 1092//315 1094//315
f 1094//315 1095//315 1093//315
f 1096//315 1093//315 1095//315
f 1093//954 1096//954 1089//954
f 1097//315 1096//315 1099//315
f 1096//957 1097//957 1098//957
f 1098//957 1089//957 1096//957
f 1095//315 1099//315 1096//315
f 1100//958 1099//958 1095//958
f 1099//959 1100//959 1101//959
f 1101//959 1102//959 1099//959
f 1099//315 1102//315 1097//315
f 1102//960 1101//960 1105//960
f 1105//960 1103//960 1102//960
f 1102//315 1103//315 1104//315
f 1104//315 1097//315 1102//315
f 1103//961 1105//961 1106//961
f 1108//962 1106//962 1107//962
f 1106//961 1108//961 1103//961
f 1107//962 1109//962 1108//962
f 1103//315 1108//315 1110//315
f 1108//315 1109//315 1111//315
f 1111//315 1110//315 1108//315
f 1111//315 1109//315 1112//315
f 1113//315 1111//315 1112//315
f 1110//963 1111//963 1114//963
f 1111//964 1113//964 1115//964
f 1115//964 1114//964 1111//964
f 1114//965 1115//965 1119//965
f 1116//966 1115//966 1113//966
f 1115//967 1116//967 1117//967
f 1117//968 1118//968 1115//968
f 1118//969 1119//969 1115//969
f 1121//315 1119//315 1118//315
f 1119//970 1120//970 1114//970
f 1120//315 1119//315 1121//315
f 1117//315 1122//315 1121//315
f 1121//315 1118//315 1117//315
f 1121//971 1122//971 1124//971
f 1121//315 1123//315 1120//315
f 1123//972 1121//972 1126//972
f 1124//973 1125//973 1121//973
f 1121//974 1125//974 1126//974
f 1126//975 1127//975 1123//975
f 1127//315 1126//315 1129//315
f 1128//315 1129//315 1126//315
f 1126//315 1125//315 1128//315
f 1129//315 1132//315 1127//315
f 1131//758 1130//758 1129//758
f 1132//757 1129//757 1130//757
f 1129//758 1128//758 1131//758
f 1133//315 1127//315 1132//315
f 1130//757 845//757 1132//757
f 846//756 1132//756 845//756
f 1132//315 846//315 1133//315
f 1127//976 1133//976 1135//976
f 1133//977 1134//977 1135//977
f 846//315 1134//315 1133//315
f 1136//315 1140//315 1135//315
f 1137//315 1136//315 1135//315
f 1138//315 1137//315 1135//315
f 1135//315 1084//315 1138//315
f 1123//315 1135//315 1139//315
f 1135//978 1123//978 1127//978
f 1135//315 1140//315 1139//315
f 1084//979 1135//979 1134//979
f 1141//980 1142//980 1140//980
f 1140//981 1136//981 1141//981
f 1139//982 1140//982 1142//982
f 1142//983 1141//983 1104//983
f 1104//983 1110//983 1142//983
f 1114//963 1142//963 1110//963
f 1142//984 1114//984 1143//984
f 1143//985 1139//985 1142//985
f 1120//986 1143//986 1114//986
f 1123//315 1143//315 1120//315
f 1139//315 1143//315 1123//315
f 1141//987 1098//987 1097//987
f 1098//988 1141//988 1137//988
f 1097//987 1104//987 1141//987
f 1136//989 1137//989 1141//989
f 1137//990 1138//990 1098//990
f 1138//991 1086//991 1098//991
f 1086//315 1138//315 1084//315
f 1134//992 1144//992 1084//992
f 1144//315 1134//315 846//315
f 1144//993 1085//993 1084//993
f 846//315 841//315 1144//315
f 841//315 1085//315 1144//315
f 1130//315 1131//315 1145//315
f 1146//759 1131//759 1128//759
f 1147//315 1145//315 1131//315
f 1131//315 1146//315 1147//315
f 1148//760 1149//760 1147//760
f 1147//760 1150//760 1148//760
f 1145//759 1147//759 1149//759
f 1150//315 1147//315 1146//315
f 1150//761 823//761 822//761
f 823//315 1150//315 1151//315
f 1146//315 1151//315 1150//315
f 822//761 1148//761 1150//761
f 1151//315 1152//315 823//315
f 1152//761 1151//761 1153//761
f 1154//760 1153//760 1151//760
f 1151//760 1146//760 1154//760
f 1153//315 1154//315 1124//315
f 1128//759 1154//759 1146//759
f 1154//315 1128//315 1125//315
f 1125//315 1124//315 1154//315
f 1153//761 933//761 1152//761
f 933//315 1153//315 1155//315
f 1124//315 1155//315 1153//315
f 1156//994 1155//994 1122//994
f 1122//995 1155//995 1124//995
f 1155//315 1156//315 933//315
f 940//996 939//996 1156//996
f 933//315 1156//315 939//315
f 1122//997 940//997 1156//997
f 816//315 823//315 1152//315
f 1152//315 814//315 816//315
f 814//828 1152//828 933//828
f 1157//1 1149//1 872//1
f 1149//1 1148//1 872//1
f 1149//759 1157//759 1145//759
f 848//1 1157//1 853//1
f 1157//758 848//758 849//758
f 872//1 853//1 1157//1
f 849//758 1145//758 1157//758
f 872//1 1148//1 822//1
f 1145//315 849//315 1130//315
f 845//315 1130//315 849//315
f 1122//315 1158//315 1159//315
f 1117//315 1158//315 1122//315
f 1159//315 940//315 1122//315
f 1116//998 1161//998 1159//998
f 1159//999 1158//999 1116//999
f 1160//1000 1159//1000 1161//1000
f 1159//315 1160//315 940//315
f 1161//1001 1116//1001 1162//1001
f 1162//1001 1164//1001 1161//1001
f 1163//1002 1161//1002 1164//1002
f 1161//1003 1163//1003 945//1003
f 945//1004 1160//1004 1161//1004
f 1164//315 1162//315 1165//315
f 1165//315 1166//315 1164//315
f 1167//315 1164//315 1166//315
f 1164//1002 1167//1002 1163//1002
f 1168//315 1167//315 1170//315
f 1167//1005 1168//1005 1169//1005
f 1169//1005 1163//1005 1167//1005
f 1166//315 1170//315 1167//315
f 1170//1006 1172//1006 1171//1006
f 1171//1006 1173//1006 1170//1006
f 1172//1007 1170//1007 1166//1007
f 1170//315 1173//315 1168//315
f 1173//1008 1171//1008 1176//1008
f 1176//1008 1174//1008 1173//1008
f 1173//315 1174//315 1175//315
f 1175//315 1168//315 1173//315
f 1174//1009 1176//1009 1177//1009
f 1179//1010 1177//1010 1178//1010
f 1177//1009 1179//1009 1174//1009
f 1178//1010 1180//1010 1179//1010
f 1174//315 1179//315 1181//315
f 1179//315 1180//315 1182//315
f 1182//315 1181//315 1179//315
f 1183//315 1182//315 1180//315
f 1181//1011 1182//1011 1184//1011
f 1182//1012 1183//1012 1185//1012
f 1185//1012 1184//1012 1182//1012
f 1184//1013 1185//1013 1188//1013
f 1002//1014 1185//1014 1183//1014
f 1185//1015 1002//1015 1186//1015
f 1186//1016 1187//1016 1185//1016
f 1185//1017 1187//1017 1188//1017
f 1190//315 1188//315 1187//315
f 1188//1018 1189//1018 1184//1018
f 1189//315 1188//315 1190//315
f 993//315 1190//315 1187//315
f 1189//315 1190//315 952//315
f 1190//1019 993//1019 966//1019
f 952//1020 1190//1020 955//1020
f 966//1021 1191//1021 1190//1021
f 1191//1022 955//1022 1190//1022
f 1191//315 966//315 956//315
f 955//315 1191//315 956//315
f 1184//1023 1189//1023 1192//1023
f 952//315 1192//315 1189//315
f 1193//1024 1184//1024 1192//1024
f 1192//1025 1194//1025 1193//1025
f 952//315 1194//315 1192//315
f 1193//1026 1194//1026 1195//1026
f 1195//315 1194//315 952//315
f 1195//1027 1196//1027 1197//1027
f 946//315 1196//315 1195//315
f 952//315 946//315 1195//315
f 1197//1028 1193//1028 1195//1028
f 1197//1029 1169//1029 1168//1029
f 1168//1029 1175//1029 1197//1029
f 1169//1030 1197//1030 1196//1030
f 1193//1031 1197//1031 1175//1031
f 1196//1032 942//1032 1169//1032
f 942//315 1196//315 946//315
f 1175//1031 1181//1031 1193//1031
f 1184//1011 1193//1011 1181//1011
f 1187//315 1186//315 993//315
f 1002//1033 996//1033 1186//1033
f 993//315 1186//315 996//315
f 1180//315 1198//315 1183//315
f 1001//315 1183//315 1198//315
f 1183//1014 1001//1014 1002//1014
f 1200//1034 1198//1034 1180//1034
f 1201//1035 1199//1035 1198//1035
f 1198//315 1199//315 1001//315
f 1198//1035 1200//1035 1201//1035
f 1199//1036 1201//1036 1202//1036
f 1010//1037 1202//1037 1203//1037
f 1202//1036 1010//1036 1199//1036
f 1011//919 1203//919 1013//919
f 1203//1037 1011//1037 1010//1037
f 1180//1034 1178//1034 1200//1034
f 1199//315 1010//315 1003//315
f 1003//315 1001//315 1199//315
f 1181//315 1175//315 1174//315
f 1166//1007 1204//1007 1172//1007
f 1165//1038 1205//1038 1204//1038
f 1204//1038 1166//1038 1165//1038
f 1207//1039 1206//1039 1205//1039
f 1205//1039 1165//1039 1207//1039
f 1206//1040 1207//1040 1112//1040
f 1112//315 1207//315 1113//315
f 1207//315 1165//315 1162//315
f 1162//315 1113//315 1207//315
f 1112//1040 1208//1040 1206//1040
f 1109//1041 1107//1041 1208//1041
f 1208//1041 1112//1041 1109//1041
f 1163//1042 1169//1042 943//1042
f 942//1043 943//1043 1169//1043
f 943//1044 944//1044 1163//1044
f 944//1045 945//1045 1163//1045
f 1113//966 1162//966 1116//966
f 940//315 1160//315 945//315
f 1158//1046 1117//1046 1116//1046
f 1110//315 1104//315 1103//315
f 1095//958 1209//958 1100//958
f 1209//1047 1095//1047 1094//1047
f 1094//1047 1210//1047 1209//1047
f 1212//1048 1211//1048 1210//1048
f 1210//1048 1094//1048 1212//1048
f 1212//315 1094//315 1092//315
f 1017//315 1212//315 1019//315
f 1092//315 1019//315 1212//315
f 1211//1049 1212//1049 1017//1049
f 1017//1049 1016//1049 1211//1049
f 1089//1050 1098//1050 1086//1050
f 1019//925 1092//925 1022//925
f 1090//956 1213//956 1022//956
f 1213//315 1090//315 1082//315
f 1022//1051 1213//1051 1023//1051
f 1028//315 1023//315 1213//315
f 1082//315 1028//315 1213//315
f 1086//1052 1087//1052 1089//1052
f 839//315 1079//315 1085//315
f 1085//315 841//315 839//315
f 1080//315 1085//315 1079//315
f 1028//1053 1082//1053 1072//1053
f 1214//758 1077//758 1079//758
f 1079//758 839//758 1214//758
f 1077//315 1214//315 1215//315
f 1214//315 838//315 1216//315
f 838//759 1214//759 839//759
f 1216//315 1215//315 1214//315
f 820//760 819//760 1216//760
f 1216//760 829//760 820//760
f 1215//759 1216//759 819//759
f 829//315 1216//315 838//315
f 793//758 1215//758 791//758
f 819//759 791//759 1215//759
f 1215//315 793//315 1077//315
f 1067//822 1075//822 1217//822
f 1075//315 1067//315 1069//315
f 1075//756 792//756 789//756
f 789//756 1217//756 1075//756
f 759//1 1217//1 760//1
f 1217//822 759//822 1067//822
f 788//1 760//1 1217//1
f 1217//1 789//1 788//1
f 1072//1053 1054//1053 1028//1053
f 1059//315 807//315 808//315
f 970//315 1055//315 808//315
f 1055//758 970//758 1218//758
f 1218//758 1052//758 1055//758
f 1052//315 1218//315 705//315
f 707//315 705//315 1218//315
f 1218//315 971//315 707//315
f 971//759 1218//759 970//759
f 1028//1054 1054//1054 1030//1054
f 1030//315 1054//315 1035//315
f 705//315 704//315 1052//315
f 1031//315 1030//315 1035//315
f 1029//315 1219//315 1026//315
f 1029//315 1220//315 1219//315
f 1006//315 1220//315 1029//315
f 1006//315 1029//315 997//315
f 1219//1055 1220//1055 1005//1055
f 1005//1056 1220//1056 1006//1056
f 1020//1057 1026//1057 1219//1057
f 1005//1058 1020//1058 1219//1058
f 1024//315 1023//315 1028//315
f 1020//922 1005//922 1009//922
f 997//315 1007//315 1006//315
f 998//315 1007//315 997//315
f 995//1059 996//1059 1002//1059
f 992//1060 966//1060 993//1060
f 966//315 992//315 978//315
f 987//315 978//315 992//315
f 978//827 987//827 977//827
f 713//1 980//1 714//1
f 980//827 713//827 975//827
f 978//315 967//315 966//315
f 973//828 975//828 713//828
f 709//761 973//761 710//761
f 713//828 710//828 973//828
f 709//315 707//315 971//315
f 970//315 808//315 965//315
f 1221//823 963//823 965//823
f 965//823 808//823 1221//823
f 963//315 1221//315 1222//315
f 1223//315 1222//315 1221//315
f 1224//822 1221//822 808//822
f 1221//315 1224//315 1223//315
f 926//315 1223//315 1224//315
f 1224//315 929//315 926//315
f 929//756 1224//756 812//756
f 808//822 812//822 1224//822
f 1222//822 1223//822 1225//822
f 1223//756 926//756 925//756
f 925//756 1225//756 1223//756
f 1227//1 1225//1 1226//1
f 1225//1 925//1 1226//1
f 1225//822 1227//822 1222//822
f 1226//1 1229//1 1227//1
f 1228//1 1227//1 1229//1
f 1227//823 1228//823 962//823
f 962//823 1222//823 1227//823
f 1229//1 702//1 1228//1
f 702//1 1230//1 1228//1
f 1228//824 1230//824 960//824
f 960//824 962//824 1228//824
f 1230//825 1231//825 959//825
f 959//825 960//825 1230//825
f 1231//1 1230//1 702//1
f 911//1 1232//1 1231//1
f 702//1 911//1 1231//1
f 1231//826 1232//826 1233//826
f 1233//826 959//826 1231//826
f 1234//827 1233//827 1232//827
f 1233//315 1234//315 1235//315
f 959//315 1233//315 957//315
f 1235//315 957//315 1233//315
f 1236//315 1235//315 1234//315
f 1235//828 1236//828 950//828
f 957//827 1235//827 949//827
f 950//828 949//828 1235//828
f 1234//315 1238//315 1236//315
f 1237//315 1236//315 1238//315
f 1236//761 1237//761 948//761
f 948//761 950//761 1236//761
f 1239//761 1238//761 917//761
f 1240//828 917//828 1238//828
f 1238//315 1239//315 1237//315
f 1238//828 1234//828 1240//828
f 1240//1 1232//1 911//1
f 911//1 914//1 1240//1
f 1232//827 1240//827 1234//827
f 917//1 1240//1 914//1
f 917//761 918//761 1239//761
f 1241//760 1239//760 918//760
f 1239//315 1241//315 935//315
f 935//315 1237//315 1239//315
f 918//760 919//760 1241//760
f 928//759 1241//759 919//759
f 1241//315 928//315 931//315
f 931//315 935//315 1241//315
f 1237//760 935//760 936//760
f 936//760 948//760 1237//760
f 1242//1 1226//1 925//1
f 872//1 1243//1 1242//1
f 925//1 872//1 1242//1
f 1244//1 1243//1 872//1
f 822//1 824//1 1244//1
f 822//1 1244//1 872//1
f 1222//315 962//315 963//315
f 955//1061 953//1061 952//1061
f 948//315 936//315 938//315
f 933//828 810//828 814//828
f 810//315 933//315 811//315
f 812//756 811//756 929//756
f 919//759 921//759 928//759
f 874//1 872//1 925//1
f 873//1 874//1 925//1
f 876//1 873//1 925//1
f 1245//1062 906//1062 720//1062
f 1245//1063 904//1063 906//1063
f 720//1064 721//1064 1245//1064
f 888//1 893//1 887//1
f 853//1065 872//1065 856//1065
f 795//822 843//822 797//822
f 838//315 832//315 829//315
f 835//828 807//828 834//828
f 805//315 807//315 835//315
f 693//827 692//827 831//827
f 791//1 819//1 799//1
f 817//1 799//1 819//1
f 799//825 817//825 801//825
f 795//315 796//315 804//315
f 760//1066 788//1066 762//1066
f 786//1067 762//1067 788//1067
f 770//1 762//1 786//1
f 786//1 772//1 770//1
f 774//1 772//1 786//1
f 770//1 763//1 762//1
f 754//1 744//1 743//1
f 739//1 737//1 747//1
f 727//1068 717//1068 714//1068
f 699//757 704//757 697//757
